STATION_NUMBER,TIME,STATUS,NUMBER_OF_BIKES,NUMBER_OF_STANDS,NUMBER_OF_SPACES
1,1522869876000,OPEN,0,31,31
1,1522869876000,OPEN,0,31,31
1,1522870667000,OPEN,0,31,31
1,1522870667000,OPEN,0,31,31
1,1522871276000,OPEN,0,31,31
1,1522871276000,OPEN,0,31,31
1,1522871885000,OPEN,0,31,31
1,1522871885000,OPEN,0,31,31
1,1522872494000,OPEN,0,31,31
1,1522872494000,OPEN,0,31,31
1,1522873103000,OPEN,0,31,31
1,1522873103000,OPEN,0,31,31
1,1522873712000,OPEN,0,31,31
1,1522874074000,OPEN,4,31,27
1,1522874361000,OPEN,18,31,13
1,1522874655000,OPEN,19,31,12
1,1522874930000,OPEN,18,31,13
1,1522874930000,OPEN,18,31,13
1,1522875571000,OPEN,15,31,16
1,1522875862000,OPEN,15,31,16
1,1522876169000,OPEN,14,31,17
1,1522876202000,OPEN,13,31,18
1,1522876630000,OPEN,12,31,19
1,1522876630000,OPEN,12,31,19
1,1522877240000,OPEN,11,31,20
1,1522877240000,OPEN,11,31,20
1,1522877848000,OPEN,11,31,20
1,1522878217000,OPEN,10,31,21
1,1522878554000,OPEN,9,31,22
1,1522878585000,OPEN,9,31,22
1,1522879145000,OPEN,8,31,23
1,1522879465000,OPEN,8,31,23
1,1522879576000,OPEN,6,31,25
1,1522879883000,OPEN,5,31,26
1,1522880344000,OPEN,4,31,27
1,1522880344000,OPEN,4,31,27
1,1522880722000,OPEN,3,31,28
1,1522880722000,OPEN,3,31,28
1,1522881332000,OPEN,2,31,29
1,1522881332000,OPEN,2,31,29
1,1522881940000,OPEN,2,31,29
1,1522882467000,OPEN,1,31,30
1,1522882503000,OPEN,0,31,31
1,1522882503000,OPEN,0,31,31
1,1522883112000,OPEN,0,31,31
1,1522883112000,OPEN,0,31,31
1,1522883721000,OPEN,0,31,31
1,1522883721000,OPEN,0,31,31
1,1522884330000,OPEN,0,31,31
1,1522884766000,OPEN,0,31,31
1,1522884766000,OPEN,0,31,31
1,1522885375000,OPEN,0,31,31
1,1522885375000,OPEN,0,31,31
1,1522885985000,OPEN,0,31,31
1,1522885985000,OPEN,0,31,31
1,1522886595000,OPEN,0,31,31
1,1522886595000,OPEN,0,31,31
1,1522887203000,OPEN,0,31,31
1,1522887203000,OPEN,0,31,31
1,1522887813000,OPEN,0,31,31
1,1522887813000,OPEN,0,31,31
1,1522888422000,OPEN,0,31,31
1,1522888422000,OPEN,0,31,31
1,1522889031000,OPEN,0,31,31
1,1522889031000,OPEN,0,31,31
1,1522889640000,OPEN,0,31,31
1,1522889640000,OPEN,0,31,31
1,1522890249000,OPEN,0,31,31
1,1522890249000,OPEN,0,31,31
1,1522890858000,OPEN,0,31,31
1,1522890858000,OPEN,0,31,31
1,1522891468000,OPEN,0,31,31
1,1522891468000,OPEN,0,31,31
1,1522892055000,OPEN,0,31,31
1,1522892246000,OPEN,0,31,31
1,1522892246000,OPEN,0,31,31
1,1522892855000,OPEN,0,31,31
1,1522892855000,OPEN,0,31,31
1,1522893465000,OPEN,0,31,31
1,1522893465000,OPEN,0,31,31
1,1522894074000,OPEN,0,31,31
1,1522894074000,OPEN,0,31,31
1,1522894684000,OPEN,0,31,31
1,1522894684000,OPEN,0,31,31
1,1522895292000,OPEN,0,31,31
1,1522895292000,OPEN,0,31,31
1,1522895901000,OPEN,0,31,31
1,1522895901000,OPEN,0,31,31
1,1522896510000,OPEN,0,31,31
1,1522896510000,OPEN,0,31,31
1,1522897119000,OPEN,0,31,31
1,1522897119000,OPEN,0,31,31
1,1522897728000,OPEN,0,31,31
1,1522897728000,OPEN,0,31,31
1,1522898337000,OPEN,0,31,31
1,1522898337000,OPEN,0,31,31
1,1522898946000,OPEN,0,31,31
1,1522898946000,OPEN,0,31,31
1,1522899556000,OPEN,0,31,31
1,1522899556000,OPEN,0,31,31
1,1522900165000,OPEN,0,31,31
1,1522900165000,OPEN,0,31,31
1,1522900774000,OPEN,0,31,31
1,1522900847000,OPEN,0,31,31
1,1522900847000,OPEN,0,31,31
1,1522901456000,OPEN,0,31,31
1,1522901456000,OPEN,0,31,31
1,1522902064000,OPEN,0,31,31
1,1522902064000,OPEN,0,31,31
1,1522902673000,OPEN,0,31,31
1,1522903136000,OPEN,1,31,30
1,1522903136000,OPEN,1,31,30
1,1522903746000,OPEN,1,31,30
1,1522903746000,OPEN,1,31,30
1,1522904355000,OPEN,1,31,30
1,1522904355000,OPEN,1,31,30
1,1522904964000,OPEN,1,31,30
1,1522904964000,OPEN,1,31,30
1,1522905572000,OPEN,1,31,30
1,1522905673000,OPEN,2,31,29
1,1522905673000,OPEN,2,31,29
1,1522906372000,OPEN,3,31,28
1,1522906372000,OPEN,3,31,28
1,1522906981000,OPEN,3,31,28
1,1522907376000,OPEN,4,31,27
1,1522907664000,OPEN,7,31,24
1,1522907849000,OPEN,8,31,23
1,1522908176000,OPEN,9,31,22
1,1522908176000,OPEN,9,31,22
1,1522908785000,OPEN,9,31,22
1,1522908785000,OPEN,9,31,22
1,1522909395000,OPEN,9,31,22
1,1522909680000,OPEN,10,31,21
1,1522909947000,OPEN,11,31,20
1,1522910371000,OPEN,13,31,18
1,1522910658000,OPEN,14,31,17
1,1522910935000,OPEN,17,31,14
1,1522911195000,OPEN,18,31,13
1,1522911530000,OPEN,12,31,19
1,1522911828000,OPEN,14,31,17
1,1522912175000,OPEN,16,31,15
1,1522912457000,OPEN,16,31,15
1,1522912774000,OPEN,18,31,13
1,1522913055000,OPEN,18,31,13
1,1522913357000,OPEN,18,31,13
1,1522913581000,OPEN,20,31,11
1,1522913941000,OPEN,23,31,8
1,1522914270000,OPEN,23,31,8
1,1522914511000,OPEN,23,31,8
1,1522914791000,OPEN,25,31,6
1,1522915165000,OPEN,16,31,15
1,1522915439000,OPEN,10,31,21
1,1522915439000,OPEN,10,31,21
1,1522915979000,OPEN,11,31,20
1,1522915979000,OPEN,11,31,20
1,1522916588000,OPEN,11,31,20
1,1522916786000,OPEN,12,31,19
1,1522917243000,OPEN,13,31,18
1,1522917408000,OPEN,15,31,16
1,1522917739000,OPEN,18,31,13
1,1522918155000,OPEN,21,31,10
1,1522918352000,OPEN,22,31,9
1,1522918753000,OPEN,23,31,8
1,1522918827000,OPEN,23,31,8
1,1522919360000,OPEN,24,31,7
1,1522919360000,OPEN,24,31,7
1,1522919730000,OPEN,25,31,6
1,1522920277000,OPEN,25,31,6
1,1522920440000,OPEN,26,31,5
1,1522920837000,OPEN,28,31,3
1,1522920950000,OPEN,29,31,2
1,1522921238000,OPEN,29,31,2
1,1522921587000,OPEN,30,31,1
1,1522921587000,OPEN,30,31,1
1,1522922196000,OPEN,30,31,1
1,1522922533000,OPEN,31,31,0
1,1522922533000,OPEN,31,31,0
1,1522923176000,OPEN,31,31,0
1,1522923506000,OPEN,31,31,0
1,1522923506000,OPEN,31,31,0
1,1522924116000,OPEN,31,31,0
1,1522924116000,OPEN,31,31,0
1,1522924724000,OPEN,31,31,0
1,1522924724000,OPEN,31,31,0
1,1522925199000,OPEN,30,31,1
1,1522925667000,OPEN,30,31,1
1,1522925667000,OPEN,30,31,1
1,1522926136000,OPEN,31,31,0
1,1522926136000,OPEN,31,31,0
1,1522926745000,OPEN,31,31,0
1,1522926745000,OPEN,31,31,0
1,1522927280000,OPEN,31,31,0
1,1522927280000,OPEN,31,31,0
1,1522927816000,OPEN,31,31,0
1,1522927816000,OPEN,31,31,0
1,1522928584000,OPEN,30,31,1
1,1522928739000,OPEN,31,31,0
1,1522928739000,OPEN,31,31,0
1,1522929349000,OPEN,31,31,0
1,1522929349000,OPEN,31,31,0
1,1522930078000,OPEN,31,31,0
1,1522930078000,OPEN,31,31,0
1,1522930569000,OPEN,31,31,0
1,1522930569000,OPEN,31,31,0
1,1522931217000,OPEN,29,31,2
1,1522931408000,OPEN,29,31,2
1,1522931970000,OPEN,30,31,1
1,1522932068000,OPEN,31,31,0
1,1522932576000,OPEN,30,31,1
1,1522932810000,OPEN,31,31,0
1,1522932810000,OPEN,31,31,0
1,1522933420000,OPEN,31,31,0
1,1522933420000,OPEN,31,31,0
1,1522934029000,OPEN,31,31,0
1,1522934301000,OPEN,31,31,0
1,1522934670000,OPEN,28,31,3
1,1522934746000,OPEN,28,31,3
1,1522935261000,OPEN,30,31,1
1,1522935293000,OPEN,30,31,1
1,1522935867000,OPEN,28,31,3
1,1522935989000,OPEN,27,31,4
1,1522936191000,OPEN,28,31,3
1,1522936654000,OPEN,30,31,1
1,1522937073000,OPEN,28,31,3
1,1522937375000,OPEN,30,31,1
1,1522937673000,OPEN,30,31,1
1,1522937901000,OPEN,30,31,1
1,1522938116000,OPEN,31,31,0
1,1522938443000,OPEN,31,31,0
1,1522938873000,OPEN,31,31,0
1,1522939127000,OPEN,31,31,0
1,1522939127000,OPEN,31,31,0
1,1522939736000,OPEN,31,31,0
1,1522939736000,OPEN,31,31,0
1,1522940345000,OPEN,31,31,0
1,1522940657000,OPEN,28,31,3
1,1522940880000,OPEN,28,31,3
1,1522941162000,OPEN,28,31,3
1,1522941572000,OPEN,27,31,4
1,1522941686000,OPEN,27,31,4
1,1522941907000,OPEN,29,31,2
1,1522942351000,OPEN,27,31,4
1,1522942723000,OPEN,27,31,4
1,1522943030000,OPEN,27,31,4
1,1522943326000,OPEN,29,31,2
1,1522943404000,OPEN,30,31,1
1,1522943729000,OPEN,31,31,0
1,1522944270000,OPEN,29,31,2
1,1522944560000,OPEN,26,31,5
1,1522944797000,OPEN,26,31,5
1,1522945085000,OPEN,26,31,5
1,1522945443000,OPEN,28,31,3
1,1522945624000,OPEN,29,31,2
1,1522946064000,OPEN,31,31,0
1,1522946323000,OPEN,29,31,2
1,1522946672000,OPEN,31,31,0
1,1522946931000,OPEN,31,31,0
1,1522947273000,OPEN,30,31,1
1,1522947397000,OPEN,29,31,2
1,1522947863000,OPEN,28,31,3
1,1522948079000,OPEN,28,31,3
1,1522948227000,OPEN,28,31,3
1,1522948683000,OPEN,29,31,2
1,1522948976000,OPEN,29,31,2
1,1522949103000,OPEN,29,31,2
1,1522949103000,OPEN,29,31,2
1,1522949858000,OPEN,30,31,1
1,1522950150000,OPEN,28,31,3
1,1522950569000,OPEN,28,31,3
1,1522950795000,OPEN,29,31,2
1,1522950795000,OPEN,29,31,2
1,1522951431000,OPEN,28,31,3
1,1522951541000,OPEN,27,31,4
1,1522952076000,OPEN,25,31,6
1,1522952370000,OPEN,26,31,5
1,1522952675000,OPEN,25,31,6
1,1522952905000,OPEN,27,31,4
1,1522953270000,OPEN,24,31,7
1,1522953345000,OPEN,23,31,8
1,1522953869000,OPEN,23,31,8
1,1522954149000,OPEN,22,31,9
1,1522954471000,OPEN,20,31,11
1,1522954618000,OPEN,20,31,11
1,1522954938000,OPEN,22,31,9
1,1522955272000,OPEN,21,31,10
1,1522955557000,OPEN,19,31,12
1,1522955557000,OPEN,19,31,12
1,1522956173000,OPEN,22,31,9
1,1522956501000,OPEN,21,31,10
1,1522956876000,OPEN,18,31,13
1,1522956876000,OPEN,18,31,13
1,1522957395000,OPEN,19,31,12
1,1522957608000,OPEN,18,31,13
1,1522958026000,OPEN,17,31,14
1,1522958175000,OPEN,16,31,15
1,1522958660000,OPEN,15,31,16
1,1522958925000,OPEN,13,31,18
1,1522959074000,OPEN,12,31,19
1,1522959545000,OPEN,11,31,20
1,1522959545000,OPEN,11,31,20
1,1522960015000,OPEN,12,31,19
1,1522960015000,OPEN,12,31,19
1,1522960624000,OPEN,12,31,19
1,1522960624000,OPEN,12,31,19
1,1522961328000,OPEN,11,31,20
1,1522961328000,OPEN,11,31,20
1,1522961938000,OPEN,11,31,20
1,1522961938000,OPEN,11,31,20
1,1522962482000,OPEN,19,31,12
1,1522962735000,OPEN,18,31,13
1,1522963088000,OPEN,17,31,14
1,1522963088000,OPEN,17,31,14
1,1522963697000,OPEN,17,31,14
1,1522963697000,OPEN,17,31,14
1,1522964305000,OPEN,17,31,14
1,1522964305000,OPEN,17,31,14
1,1522964914000,OPEN,17,31,14
1,1522965100000,OPEN,17,31,14
1,1522965100000,OPEN,17,31,14
1,1522965710000,OPEN,16,31,15
1,1522966052000,OPEN,16,31,15
1,1522966052000,OPEN,16,31,15
1,1522966681000,OPEN,13,31,18
1,1522966681000,OPEN,13,31,18
1,1522967291000,OPEN,13,31,18
1,1522967291000,OPEN,13,31,18
1,1522967900000,OPEN,13,31,18
1,1522967900000,OPEN,13,31,18
1,1522968430000,OPEN,13,31,18
1,1522968430000,OPEN,13,31,18
1,1522969053000,OPEN,12,31,19
1,1522969053000,OPEN,12,31,19
1,1522969693000,OPEN,11,31,20
1,1522969883000,OPEN,10,31,21
1,1522969883000,OPEN,10,31,21
1,1522970492000,OPEN,9,31,22
1,1522970492000,OPEN,9,31,22
1,1522971154000,OPEN,9,31,22
1,1522971154000,OPEN,9,31,22
1,1522971813000,OPEN,9,31,22
1,1522971813000,OPEN,9,31,22
1,1522972422000,OPEN,9,31,22
1,1522972422000,OPEN,9,31,22
1,1522973031000,OPEN,9,31,22
1,1522973031000,OPEN,9,31,22
1,1522973641000,OPEN,9,31,22
1,1522973641000,OPEN,9,31,22
1,1522974250000,OPEN,9,31,22
1,1522974250000,OPEN,9,31,22
1,1522974859000,OPEN,9,31,22
1,1522974859000,OPEN,9,31,22
1,1522975468000,OPEN,9,31,22
1,1522975468000,OPEN,9,31,22
1,1522976077000,OPEN,9,31,22
1,1522976077000,OPEN,9,31,22
1,1522976077000,OPEN,9,31,22
1,1522976687000,OPEN,9,31,22
1,1522976687000,OPEN,9,31,22
1,1522977296000,OPEN,9,31,22
1,1522977296000,OPEN,9,31,22
1,1522977905000,OPEN,9,31,22
1,1522978425000,OPEN,9,31,22
1,1522978522000,OPEN,9,31,22
1,1522978522000,OPEN,9,31,22
1,1522979131000,OPEN,9,31,22
1,1522979131000,OPEN,9,31,22
1,1522979740000,OPEN,9,31,22
1,1522979740000,OPEN,9,31,22
1,1522980349000,OPEN,9,31,22
1,1522980349000,OPEN,9,31,22
1,1522980958000,OPEN,9,31,22
1,1522980958000,OPEN,9,31,22
1,1522981568000,OPEN,9,31,22
1,1522981568000,OPEN,9,31,22
1,1522982177000,OPEN,9,31,22
1,1522982177000,OPEN,9,31,22
1,1522982786000,OPEN,9,31,22
1,1522982786000,OPEN,9,31,22
1,1522983395000,OPEN,9,31,22
1,1522983395000,OPEN,9,31,22
1,1522984004000,OPEN,9,31,22
1,1522984004000,OPEN,9,31,22
1,1522984613000,OPEN,9,31,22
1,1522984613000,OPEN,9,31,22
1,1522985223000,OPEN,9,31,22
1,1522985223000,OPEN,9,31,22
1,1522985832000,OPEN,9,31,22
1,1522985832000,OPEN,9,31,22
1,1522986442000,OPEN,9,31,22
1,1522986442000,OPEN,9,31,22
1,1522987051000,OPEN,9,31,22
1,1522987243000,OPEN,9,31,22
1,1522987243000,OPEN,9,31,22
1,1522987852000,OPEN,9,31,22
1,1522987852000,OPEN,9,31,22
1,1522988461000,OPEN,9,31,22
1,1522988757000,OPEN,11,31,20
1,1522988757000,OPEN,11,31,20
1,1522989406000,OPEN,12,31,19
1,1522989406000,OPEN,12,31,19
1,1522990016000,OPEN,12,31,19
1,1522990225000,OPEN,13,31,18
1,1522990602000,OPEN,14,31,17
1,1522990602000,OPEN,14,31,17
1,1522991212000,OPEN,14,31,17
1,1522991212000,OPEN,14,31,17
1,1522991821000,OPEN,14,31,17
1,1522991821000,OPEN,14,31,17
1,1522992418000,OPEN,15,31,16
1,1522992792000,OPEN,16,31,15
1,1522992960000,OPEN,16,31,15
1,1522992960000,OPEN,16,31,15
1,1522993569000,OPEN,15,31,16
1,1522994057000,OPEN,16,31,15
1,1522994186000,OPEN,18,31,13
1,1522994594000,OPEN,20,31,11
1,1522994975000,OPEN,20,31,11
1,1522995141000,OPEN,14,31,17
1,1522995563000,OPEN,6,31,25
1,1522995723000,OPEN,3,31,28
1,1522995723000,OPEN,3,31,28
1,1522996332000,OPEN,3,31,28
1,1522996719000,OPEN,4,31,27
1,1522996996000,OPEN,5,31,26
1,1522997297000,OPEN,8,31,23
1,1522997666000,OPEN,12,31,19
1,1522997780000,OPEN,13,31,18
1,1522997780000,OPEN,13,31,18
1,1522998305000,OPEN,13,31,18
1,1522998878000,OPEN,14,31,17
1,1522999118000,OPEN,12,31,19
1,1522999462000,OPEN,5,31,26
1,1522999767000,OPEN,4,31,27
1,1523000038000,OPEN,5,31,26
1,1523000228000,OPEN,4,31,27
1,1523000667000,OPEN,7,31,24
1,1523000881000,OPEN,8,31,23
1,1523001255000,OPEN,11,31,20
1,1523001255000,OPEN,11,31,20
1,1523001877000,OPEN,10,31,21
1,1523001896000,OPEN,11,31,20
1,1523002392000,OPEN,12,31,19
1,1523002392000,OPEN,12,31,19
1,1523003001000,OPEN,12,31,19
1,1523003300000,OPEN,13,31,18
1,1523003430000,OPEN,13,31,18
1,1523003430000,OPEN,13,31,18
1,1523004055000,OPEN,14,31,17
1,1523004569000,OPEN,16,31,15
1,1523004827000,OPEN,17,31,14
1,1523005151000,OPEN,17,31,14
1,1523005151000,OPEN,17,31,14
1,1523005761000,OPEN,17,31,14
1,1523005761000,OPEN,17,31,14
1,1523006171000,OPEN,18,31,13
1,1523006679000,OPEN,20,31,11
1,1523006682000,OPEN,21,31,10
1,1523007120000,OPEN,22,31,9
1,1523007120000,OPEN,22,31,9
1,1523007729000,OPEN,22,31,9
1,1523007729000,OPEN,22,31,9
1,1523008338000,OPEN,22,31,9
1,1523008590000,OPEN,23,31,8
1,1523008892000,OPEN,23,31,8
1,1523009234000,OPEN,22,31,9
1,1523009529000,OPEN,20,31,11
1,1523009529000,OPEN,20,31,11
1,1523010139000,OPEN,20,31,11
1,1523010353000,OPEN,21,31,10
1,1523010353000,OPEN,21,31,10
1,1523010962000,OPEN,21,31,10
1,1523010962000,OPEN,21,31,10
1,1523011571000,OPEN,21,31,10
1,1523011571000,OPEN,21,31,10
1,1523012169000,OPEN,22,31,9
1,1523012169000,OPEN,22,31,9
1,1523012765000,OPEN,22,31,9
1,1523012765000,OPEN,22,31,9
1,1523013489000,OPEN,22,31,9
1,1523013489000,OPEN,22,31,9
1,1523013887000,OPEN,21,31,9
1,1523013887000,OPEN,21,31,9
1,1523014750000,OPEN,22,31,8
1,1523014750000,OPEN,22,31,8
1,1523015359000,OPEN,22,31,8
1,1523015359000,OPEN,22,31,8
1,1523015968000,OPEN,22,31,8
1,1523016035000,OPEN,23,31,7
1,1523016035000,OPEN,23,31,7
1,1523016645000,OPEN,23,31,7
1,1523016645000,OPEN,23,31,7
1,1523017478000,OPEN,23,31,7
1,1523017723000,OPEN,24,31,6
1,1523017953000,OPEN,25,31,5
1,1523018347000,OPEN,25,31,5
1,1523018650000,OPEN,24,31,6
1,1523018978000,OPEN,24,31,6
1,1523019266000,OPEN,25,31,5
1,1523019472000,OPEN,25,31,5
1,1523019472000,OPEN,25,31,5
1,1523020166000,OPEN,26,31,4
1,1523020166000,OPEN,26,31,4
1,1523020558000,OPEN,25,31,6
1,1523020843000,OPEN,25,31,6
1,1523020843000,OPEN,25,31,6
1,1523021479000,OPEN,26,31,5
1,1523021706000,OPEN,27,31,4
1,1523022250000,OPEN,29,31,2
1,1523022529000,OPEN,29,31,2
1,1523022529000,OPEN,29,31,2
1,1523023138000,OPEN,28,31,3
1,1523023138000,OPEN,28,31,3
1,1523023770000,OPEN,28,31,3
1,1523023817000,OPEN,27,31,4
1,1523023817000,OPEN,27,31,4
1,1523024587000,OPEN,27,31,4
1,1523024587000,OPEN,27,31,4
1,1523025021000,OPEN,27,31,4
1,1523025314000,OPEN,28,31,3
1,1523025794000,OPEN,29,31,2
1,1523025955000,OPEN,28,31,3
1,1523026428000,OPEN,28,31,3
1,1523026762000,OPEN,27,31,4
1,1523027010000,OPEN,28,31,3
1,1523027154000,OPEN,28,31,3
1,1523027154000,OPEN,28,31,3
1,1523027930000,OPEN,28,31,3
1,1523027930000,OPEN,28,31,3
1,1523028355000,OPEN,28,31,3
1,1523028873000,OPEN,27,31,4
1,1523029160000,OPEN,29,31,2
1,1523029343000,OPEN,30,31,1
1,1523029625000,OPEN,30,31,1
1,1523030077000,OPEN,29,31,2
1,1523030349000,OPEN,31,31,0
1,1523030677000,OPEN,27,31,4
1,1523030946000,OPEN,29,31,2
1,1523031257000,OPEN,24,31,7
1,1523031516000,OPEN,23,31,8
1,1523031772000,OPEN,23,31,8
1,1523032173000,OPEN,25,31,6
1,1523032469000,OPEN,25,31,6
1,1523032767000,OPEN,24,31,7
1,1523032995000,OPEN,27,31,4
1,1523033348000,OPEN,28,31,3
1,1523033403000,OPEN,29,31,2
1,1523033964000,OPEN,26,31,5
1,1523034255000,OPEN,30,31,1
1,1523034564000,OPEN,30,31,1
1,1523034873000,OPEN,28,31,3
1,1523035154000,OPEN,28,31,3
1,1523035460000,OPEN,30,31,1
1,1523035709000,OPEN,29,31,2
1,1523035909000,OPEN,30,31,1
1,1523036143000,OPEN,31,31,0
1,1523036615000,OPEN,30,31,1
1,1523036723000,OPEN,30,31,1
1,1523037247000,OPEN,30,31,1
1,1523037472000,OPEN,30,31,1
1,1523037472000,OPEN,30,31,1
1,1523037965000,OPEN,29,31,2
1,1523038304000,OPEN,28,31,3
1,1523038507000,OPEN,28,31,3
1,1523039073000,OPEN,26,31,5
1,1523039370000,OPEN,24,31,7
1,1523039535000,OPEN,23,31,8
1,1523039922000,OPEN,24,31,7
1,1523040248000,OPEN,25,31,6
1,1523040538000,OPEN,28,31,3
1,1523040866000,OPEN,28,31,3
1,1523041086000,OPEN,25,31,6
1,1523041439000,OPEN,25,31,6
1,1523041725000,OPEN,25,31,6
1,1523041860000,OPEN,25,31,6
1,1523041860000,OPEN,25,31,6
1,1523042499000,OPEN,25,31,6
1,1523042963000,OPEN,24,31,7
1,1523043139000,OPEN,23,31,8
1,1523043555000,OPEN,23,31,8
1,1523043872000,OPEN,23,31,8
1,1523043951000,OPEN,20,31,11
1,1523044389000,OPEN,21,31,10
1,1523044745000,OPEN,23,31,8
1,1523044996000,OPEN,24,31,7
1,1523045310000,OPEN,25,31,6
1,1523045548000,OPEN,25,31,6
1,1523045548000,OPEN,25,31,6
1,1523046157000,OPEN,24,31,7
1,1523046157000,OPEN,24,31,7
1,1523046635000,OPEN,25,31,6
1,1523046635000,OPEN,25,31,6
1,1523047244000,OPEN,25,31,6
1,1523047244000,OPEN,25,31,6
1,1523048076000,OPEN,25,31,6
1,1523048083000,OPEN,27,31,4
1,1523048676000,OPEN,28,31,3
1,1523048676000,OPEN,28,31,3
1,1523048676000,OPEN,28,31,3
1,1523049285000,OPEN,27,31,4
1,1523049858000,OPEN,26,31,5
1,1523049858000,OPEN,26,31,5
1,1523050349000,OPEN,25,31,6
1,1523050349000,OPEN,25,31,6
1,1523050960000,OPEN,24,31,7
1,1523050960000,OPEN,24,31,7
1,1523051569000,OPEN,24,31,7
1,1523051827000,OPEN,23,31,8
1,1523051827000,OPEN,23,31,8
1,1523052437000,OPEN,22,31,9
1,1523052437000,OPEN,22,31,9
1,1523053148000,OPEN,23,31,8
1,1523053393000,OPEN,23,31,8
1,1523053729000,OPEN,22,31,9
1,1523053849000,OPEN,22,31,9
1,1523053849000,OPEN,22,31,9
1,1523054460000,OPEN,21,31,10
1,1523054798000,OPEN,21,31,10
1,1523054798000,OPEN,21,31,10
1,1523055407000,OPEN,20,31,11
1,1523055407000,OPEN,20,31,11
1,1523055882000,OPEN,21,31,10
1,1523055882000,OPEN,21,31,10
1,1523056597000,OPEN,21,31,10
1,1523056824000,OPEN,20,31,11
1,1523056824000,OPEN,20,31,11
1,1523057569000,OPEN,19,31,12
1,1523057569000,OPEN,19,31,12
1,1523058178000,OPEN,19,31,12
1,1523058178000,OPEN,19,31,12
1,1523058788000,OPEN,19,31,12
1,1523058788000,OPEN,19,31,12
1,1523059397000,OPEN,19,31,12
1,1523059397000,OPEN,19,31,12
1,1523060006000,OPEN,19,31,12
1,1523060006000,OPEN,19,31,12
1,1523060615000,OPEN,19,31,12
1,1523060615000,OPEN,19,31,12
1,1523061225000,OPEN,19,31,12
1,1523061225000,OPEN,19,31,12
1,1523061835000,OPEN,19,31,12
1,1523061835000,OPEN,19,31,12
1,1523062445000,OPEN,19,31,12
1,1523062445000,OPEN,19,31,12
1,1523063055000,OPEN,19,31,12
1,1523063055000,OPEN,19,31,12
1,1523063664000,OPEN,19,31,12
1,1523063664000,OPEN,19,31,12
1,1523064273000,OPEN,19,31,12
1,1523064273000,OPEN,19,31,12
1,1523064841000,OPEN,19,31,12
1,1523064918000,OPEN,19,31,12
1,1523064918000,OPEN,19,31,12
1,1523065528000,OPEN,19,31,12
1,1523065528000,OPEN,19,31,12
1,1523066137000,OPEN,19,31,12
1,1523066137000,OPEN,19,31,12
1,1523066747000,OPEN,19,31,12
1,1523066747000,OPEN,19,31,12
1,1523067356000,OPEN,19,31,12
1,1523067356000,OPEN,19,31,12
1,1523067965000,OPEN,19,31,12
1,1523067965000,OPEN,19,31,12
1,1523068575000,OPEN,19,31,12
1,1523068575000,OPEN,19,31,12
1,1523069184000,OPEN,19,31,12
1,1523069184000,OPEN,19,31,12
1,1523069793000,OPEN,19,31,12
1,1523069793000,OPEN,19,31,12
1,1523070402000,OPEN,19,31,12
1,1523070402000,OPEN,19,31,12
1,1523071012000,OPEN,19,31,12
1,1523071012000,OPEN,19,31,12
1,1523071621000,OPEN,19,31,12
1,1523071621000,OPEN,19,31,12
1,1523072230000,OPEN,19,31,12
1,1523072230000,OPEN,19,31,12
1,1523072839000,OPEN,19,31,12
1,1523072839000,OPEN,19,31,12
1,1523073448000,OPEN,19,31,12
1,1523073638000,OPEN,19,31,12
1,1523073638000,OPEN,19,31,12
1,1523074248000,OPEN,19,31,12
1,1523074248000,OPEN,19,31,12
1,1523074857000,OPEN,19,31,12
1,1523075286000,OPEN,21,31,10
1,1523075286000,OPEN,21,31,10
1,1523075895000,OPEN,21,31,10
1,1523075895000,OPEN,21,31,10
1,1523076505000,OPEN,21,31,10
1,1523076505000,OPEN,21,31,10
1,1523077115000,OPEN,21,31,10
1,1523077115000,OPEN,21,31,10
1,1523077724000,OPEN,21,31,10
1,1523077724000,OPEN,21,31,10
1,1523078333000,OPEN,21,31,10
1,1523078488000,OPEN,22,31,9
1,1523078488000,OPEN,22,31,9
1,1523079098000,OPEN,22,31,9
1,1523079098000,OPEN,22,31,9
1,1523079587000,OPEN,23,31,8
1,1523079587000,OPEN,23,31,8
1,1523080377000,OPEN,24,31,7
1,1523080664000,OPEN,25,31,6
1,1523080805000,OPEN,27,31,4
1,1523080805000,OPEN,27,31,4
1,1523081414000,OPEN,27,31,4
1,1523081414000,OPEN,27,31,4
1,1523082024000,OPEN,27,31,4
1,1523082024000,OPEN,27,31,4
1,1523082634000,OPEN,27,31,4
1,1523082634000,OPEN,27,31,4
1,1523083363000,OPEN,28,31,3
1,1523083363000,OPEN,28,31,3
1,1523083850000,OPEN,29,31,2
1,1523083850000,OPEN,29,31,2
1,1523084460000,OPEN,29,31,2
1,1523084460000,OPEN,29,31,2
1,1523085245000,OPEN,29,31,2
1,1523085245000,OPEN,29,31,2
1,1523085775000,OPEN,29,31,2
1,1523085775000,OPEN,29,31,2
1,1523086252000,OPEN,30,31,1
1,1523086601000,OPEN,31,31,0
1,1523086601000,OPEN,31,31,0
1,1523087211000,OPEN,31,31,0
1,1523087211000,OPEN,31,31,0
1,1523087820000,OPEN,31,31,0
1,1523087820000,OPEN,31,31,0
1,1523088429000,OPEN,31,31,0
1,1523088429000,OPEN,31,31,0
1,1523089038000,OPEN,31,31,0
1,1523089038000,OPEN,31,31,0
1,1523089648000,OPEN,31,31,0
1,1523089648000,OPEN,31,31,0
1,1523090257000,OPEN,31,31,0
1,1523090257000,OPEN,31,31,0
1,1523090866000,OPEN,31,31,0
1,1523090866000,OPEN,31,31,0
1,1523091475000,OPEN,31,31,0
1,1523091475000,OPEN,31,31,0
1,1523092084000,OPEN,31,31,0
1,1523092084000,OPEN,31,31,0
1,1523092775000,OPEN,31,31,0
1,1523092935000,OPEN,31,31,0
1,1523093350000,OPEN,31,31,0
1,1523093564000,OPEN,31,31,0
1,1523093564000,OPEN,31,31,0
1,1523094173000,OPEN,31,31,0
1,1523094561000,OPEN,29,31,2
1,1523094561000,OPEN,29,31,2
1,1523095127000,OPEN,30,31,1
1,1523095459000,OPEN,31,31,0
1,1523095719000,OPEN,31,31,0
1,1523096052000,OPEN,30,31,1
1,1523096290000,OPEN,30,31,1
1,1523096593000,OPEN,29,31,2
1,1523096702000,OPEN,30,31,1
1,1523097025000,OPEN,31,31,0
1,1523097025000,OPEN,31,31,0
1,1523097635000,OPEN,31,31,0
1,1523098103000,OPEN,31,31,0
1,1523098374000,OPEN,31,31,0
1,1523098729000,OPEN,31,31,0
1,1523098898000,OPEN,31,31,0
1,1523098898000,OPEN,31,31,0
1,1523099506000,OPEN,31,31,0
1,1523099777000,OPEN,30,31,1
1,1523100275000,OPEN,30,31,1
1,1523100464000,OPEN,29,31,2
1,1523100861000,OPEN,31,31,0
1,1523100911000,OPEN,31,31,0
1,1523101471000,OPEN,31,31,0
1,1523101492000,OPEN,31,31,0
1,1523102057000,OPEN,30,31,1
1,1523102272000,OPEN,29,31,2
1,1523102660000,OPEN,30,31,1
1,1523102964000,OPEN,31,31,0
1,1523103195000,OPEN,31,31,0
1,1523103527000,OPEN,29,31,2
1,1523103877000,OPEN,31,31,0
1,1523104141000,OPEN,30,31,1
1,1523104141000,OPEN,30,31,1
1,1523104726000,OPEN,31,31,0
1,1523104726000,OPEN,31,31,0
1,1523105335000,OPEN,31,31,0
1,1523105545000,OPEN,29,31,2
1,1523105545000,OPEN,29,31,2
1,1523106236000,OPEN,30,31,1
1,1523106504000,OPEN,30,31,1
1,1523106794000,OPEN,30,31,1
1,1523107174000,OPEN,31,31,0
1,1523107174000,OPEN,31,31,0
1,1523107174000,OPEN,31,31,0
1,1523107783000,OPEN,31,31,0
1,1523107783000,OPEN,31,31,0
1,1523108393000,OPEN,31,31,0
1,1523108785000,OPEN,31,31,0
1,1523108785000,OPEN,31,31,0
1,1523109394000,OPEN,31,31,0
1,1523109835000,OPEN,31,31,0
1,1523110001000,OPEN,30,31,1
1,1523110356000,OPEN,30,31,1
1,1523110716000,OPEN,28,31,3
1,1523111064000,OPEN,28,31,3
1,1523111376000,OPEN,28,31,3
1,1523111659000,OPEN,30,31,1
1,1523111840000,OPEN,31,31,0
1,1523112150000,OPEN,30,31,1
1,1523112150000,OPEN,30,31,1
1,1523112821000,OPEN,30,31,1
1,1523113172000,OPEN,29,31,2
1,1523113473000,OPEN,28,31,3
1,1523113745000,OPEN,30,31,1
1,1523113954000,OPEN,31,31,0
1,1523114376000,OPEN,30,31,1
1,1523114673000,OPEN,31,31,0
1,1523114795000,OPEN,31,31,0
1,1523114795000,OPEN,31,31,0
1,1523115405000,OPEN,31,31,0
1,1523115405000,OPEN,31,31,0
1,1523116014000,OPEN,31,31,0
1,1523116332000,OPEN,31,31,0
1,1523116624000,OPEN,31,31,0
1,1523116960000,OPEN,31,31,0
1,1523117322000,OPEN,30,31,1
1,1523117542000,OPEN,30,31,1
1,1523117889000,OPEN,30,31,1
1,1523118239000,OPEN,31,31,0
1,1523118555000,OPEN,31,31,0
1,1523118555000,OPEN,31,31,0
1,1523118978000,OPEN,31,31,0
1,1523118978000,OPEN,31,31,0
1,1523119588000,OPEN,31,31,0
1,1523119588000,OPEN,31,31,0
1,1523120366000,OPEN,30,31,1
1,1523120409000,OPEN,29,31,2
1,1523120730000,OPEN,29,31,2
1,1523121194000,OPEN,30,31,1
1,1523121438000,OPEN,31,31,0
1,1523121438000,OPEN,31,31,0
1,1523122048000,OPEN,31,31,0
1,1523122048000,OPEN,31,31,0
1,1523122658000,OPEN,31,31,0
1,1523123044000,OPEN,30,31,1
1,1523123334000,OPEN,30,31,1
1,1523123334000,OPEN,30,31,1
1,1523123788000,OPEN,29,31,2
1,1523124207000,OPEN,29,31,2
1,1523124207000,OPEN,29,31,2
1,1523124630000,OPEN,27,31,4
1,1523125153000,OPEN,27,31,4
1,1523125195000,OPEN,27,31,4
1,1523125536000,OPEN,25,31,6
1,1523126013000,OPEN,24,31,7
1,1523126013000,OPEN,24,31,7
1,1523126585000,OPEN,25,31,6
1,1523126882000,OPEN,26,31,5
1,1523127176000,OPEN,27,31,4
1,1523127176000,OPEN,27,31,4
1,1523127622000,OPEN,26,31,5
1,1523127983000,OPEN,26,31,5
1,1523128355000,OPEN,26,31,5
1,1523128355000,OPEN,26,31,5
1,1523128946000,OPEN,29,31,2
1,1523129268000,OPEN,29,31,2
1,1523129268000,OPEN,29,31,2
1,1523129877000,OPEN,28,31,3
1,1523130098000,OPEN,29,31,2
1,1523130098000,OPEN,29,31,2
1,1523130708000,OPEN,29,31,2
1,1523130708000,OPEN,29,31,2
1,1523131290000,OPEN,29,31,2
1,1523131770000,OPEN,29,31,2
1,1523131901000,OPEN,29,31,2
1,1523132124000,OPEN,28,31,3
1,1523132124000,OPEN,28,31,3
1,1523132966000,OPEN,29,31,2
1,1523132966000,OPEN,29,31,2
1,1523133576000,OPEN,29,31,2
1,1523133576000,OPEN,29,31,2
1,1523134011000,OPEN,29,31,2
1,1523134011000,OPEN,29,31,2
1,1523134772000,OPEN,28,31,3
1,1523134892000,OPEN,28,31,3
1,1523134892000,OPEN,28,31,3
1,1523135500000,OPEN,28,31,3
1,1523135500000,OPEN,28,31,3
1,1523136157000,OPEN,30,31,1
1,1523136157000,OPEN,30,31,1
1,1523136767000,OPEN,30,31,1
1,1523136767000,OPEN,30,31,1
1,1523137376000,OPEN,30,31,1
1,1523137376000,OPEN,30,31,1
1,1523137891000,OPEN,29,31,2
1,1523138191000,OPEN,29,31,2
1,1523138442000,OPEN,29,31,2
1,1523138442000,OPEN,29,31,2
1,1523139261000,OPEN,29,31,2
1,1523139312000,OPEN,29,31,2
1,1523139312000,OPEN,29,31,2
1,1523140162000,OPEN,28,31,3
1,1523140456000,OPEN,27,31,4
1,1523140580000,OPEN,27,31,4
1,1523140580000,OPEN,27,31,4
1,1523141342000,OPEN,27,31,4
1,1523141342000,OPEN,27,31,4
1,1523141952000,OPEN,26,31,5
1,1523141952000,OPEN,26,31,5
1,1523142563000,OPEN,26,31,5
1,1523142563000,OPEN,26,31,5
1,1523143173000,OPEN,26,31,5
1,1523143331000,OPEN,26,31,5
1,1523143331000,OPEN,26,31,5
1,1523143969000,OPEN,25,31,6
1,1523143969000,OPEN,25,31,6
1,1523144579000,OPEN,25,31,6
1,1523144579000,OPEN,25,31,6
1,1523145188000,OPEN,25,31,6
1,1523145188000,OPEN,25,31,6
1,1523145798000,OPEN,25,31,6
1,1523145798000,OPEN,25,31,6
1,1523146408000,OPEN,25,31,6
1,1523146408000,OPEN,25,31,6
1,1523147018000,OPEN,25,31,6
1,1523147018000,OPEN,25,31,6
1,1523147671000,OPEN,25,31,6
1,1523147694000,OPEN,25,31,6
1,1523147694000,OPEN,25,31,6
1,1523148303000,OPEN,25,31,6
1,1523148303000,OPEN,25,31,6
1,1523148912000,OPEN,25,31,6
1,1523148912000,OPEN,25,31,6
1,1523149521000,OPEN,25,31,6
1,1523149521000,OPEN,25,31,6
1,1523150130000,OPEN,25,31,6
1,1523150130000,OPEN,25,31,6
1,1523150739000,OPEN,25,31,6
1,1523151218000,OPEN,25,31,6
1,1523151327000,OPEN,25,31,6
1,1523151327000,OPEN,25,31,6
1,1523151936000,OPEN,25,31,6
1,1523151936000,OPEN,25,31,6
1,1523152545000,OPEN,25,31,6
1,1523152545000,OPEN,25,31,6
1,1523153154000,OPEN,25,31,6
1,1523153154000,OPEN,25,31,6
1,1523153764000,OPEN,25,31,6
1,1523153764000,OPEN,25,31,6
1,1523154372000,OPEN,25,31,6
1,1523154372000,OPEN,25,31,6
1,1523154981000,OPEN,25,31,6
1,1523154981000,OPEN,25,31,6
1,1523155590000,OPEN,25,31,6
1,1523155590000,OPEN,25,31,6
1,1523156200000,OPEN,25,31,6
1,1523156200000,OPEN,25,31,6
1,1523156810000,OPEN,25,31,6
1,1523156810000,OPEN,25,31,6
1,1523157419000,OPEN,25,31,6
1,1523157419000,OPEN,25,31,6
1,1523158028000,OPEN,25,31,6
1,1523158028000,OPEN,25,31,6
1,1523158637000,OPEN,25,31,6
1,1523158637000,OPEN,25,31,6
1,1523159246000,OPEN,25,31,6
1,1523159246000,OPEN,25,31,6
1,1523159855000,OPEN,25,31,6
1,1523160046000,OPEN,25,31,6
1,1523160046000,OPEN,25,31,6
1,1523160656000,OPEN,25,31,6
1,1523160656000,OPEN,25,31,6
1,1523161265000,OPEN,25,31,6
1,1523161619000,OPEN,26,31,5
1,1523161619000,OPEN,26,31,5
1,1523162228000,OPEN,26,31,5
1,1523162228000,OPEN,26,31,5
1,1523162836000,OPEN,26,31,5
1,1523162836000,OPEN,26,31,5
1,1523163445000,OPEN,26,31,5
1,1523163445000,OPEN,26,31,5
1,1523164055000,OPEN,26,31,5
1,1523164055000,OPEN,26,31,5
1,1523164664000,OPEN,26,31,5
1,1523164664000,OPEN,26,31,5
1,1523165339000,OPEN,25,31,6
1,1523165339000,OPEN,25,31,6
1,1523165974000,OPEN,25,31,6
1,1523165974000,OPEN,25,31,6
1,1523165974000,OPEN,25,31,6
1,1523166760000,OPEN,26,31,5
1,1523166760000,OPEN,26,31,5
1,1523167369000,OPEN,26,31,5
1,1523167369000,OPEN,26,31,5
1,1523167978000,OPEN,26,31,5
1,1523167978000,OPEN,26,31,5
1,1523168666000,OPEN,27,31,4
1,1523168844000,OPEN,28,31,3
1,1523168844000,OPEN,28,31,3
1,1523169454000,OPEN,28,31,3
1,1523169454000,OPEN,28,31,3
1,1523170063000,OPEN,28,31,3
1,1523170379000,OPEN,30,31,1
1,1523170379000,OPEN,30,31,1
1,1523170988000,OPEN,30,31,1
1,1523170988000,OPEN,30,31,1
1,1523171597000,OPEN,30,31,1
1,1523171597000,OPEN,30,31,1
1,1523172243000,OPEN,30,31,1
1,1523172243000,OPEN,30,31,1
1,1523172852000,OPEN,29,31,2
1,1523172852000,OPEN,29,31,2
1,1523173375000,OPEN,31,31,0
1,1523173375000,OPEN,31,31,0
1,1523173984000,OPEN,31,31,0
1,1523173984000,OPEN,31,31,0
1,1523174607000,OPEN,21,31,10
1,1523174607000,OPEN,21,31,10
1,1523175163000,OPEN,13,31,18
1,1523175163000,OPEN,13,31,18
1,1523175772000,OPEN,13,31,18
1,1523175998000,OPEN,14,31,17
1,1523176374000,OPEN,16,31,15
1,1523176374000,OPEN,16,31,15
1,1523177053000,OPEN,17,31,14
1,1523177201000,OPEN,18,31,13
1,1523177201000,OPEN,18,31,13
1,1523177810000,OPEN,18,31,13
1,1523178200000,OPEN,20,31,11
1,1523178200000,OPEN,20,31,11
1,1523178809000,OPEN,20,31,11
1,1523178809000,OPEN,20,31,11
1,1523179419000,OPEN,20,31,11
1,1523179678000,OPEN,21,31,10
1,1523179847000,OPEN,22,31,9
1,1523179847000,OPEN,22,31,9
1,1523180589000,OPEN,22,31,9
1,1523180944000,OPEN,22,31,9
1,1523181098000,OPEN,25,31,6
1,1523181379000,OPEN,25,31,6
1,1523181379000,OPEN,25,31,6
1,1523182104000,OPEN,26,31,5
1,1523182104000,OPEN,26,31,5
1,1523182706000,OPEN,27,31,4
1,1523182706000,OPEN,27,31,4
1,1523183102000,OPEN,28,31,3
1,1523183497000,OPEN,27,31,4
1,1523183760000,OPEN,28,31,3
1,1523184019000,OPEN,29,31,2
1,1523184501000,OPEN,28,31,3
1,1523184808000,OPEN,28,31,3
1,1523185010000,OPEN,31,31,0
1,1523185010000,OPEN,31,31,0
1,1523185619000,OPEN,31,31,0
1,1523185619000,OPEN,31,31,0
1,1523186370000,OPEN,27,31,4
1,1523186675000,OPEN,14,31,17
1,1523186675000,OPEN,14,31,17
1,1523187226000,OPEN,16,31,15
1,1523187369000,OPEN,17,31,14
1,1523187724000,OPEN,19,31,12
1,1523188062000,OPEN,22,31,9
1,1523188310000,OPEN,23,31,8
1,1523188772000,OPEN,25,31,6
1,1523189072000,OPEN,25,31,6
1,1523189340000,OPEN,26,31,5
1,1523189340000,OPEN,26,31,5
1,1523189889000,OPEN,25,31,6
1,1523190278000,OPEN,26,31,5
1,1523190330000,OPEN,29,31,2
1,1523190802000,OPEN,28,31,3
1,1523190802000,OPEN,28,31,3
1,1523191411000,OPEN,27,31,4
1,1523191511000,OPEN,29,31,2
1,1523191511000,OPEN,29,31,2
1,1523192323000,OPEN,31,31,0
1,1523192662000,OPEN,30,31,1
1,1523192885000,OPEN,30,31,1
1,1523193093000,OPEN,29,31,2
1,1523193093000,OPEN,29,31,2
1,1523193728000,OPEN,30,31,1
1,1523194098000,OPEN,29,31,2
1,1523194249000,OPEN,31,31,0
1,1523194249000,OPEN,31,31,0
1,1523194975000,OPEN,30,31,1
1,1523194975000,OPEN,30,31,1
1,1523195565000,OPEN,31,31,0
1,1523195795000,OPEN,31,31,0
1,1523196207000,OPEN,23,31,8
1,1523196576000,OPEN,16,31,15
1,1523196829000,OPEN,13,31,18
1,1523196829000,OPEN,13,31,18
1,1523197439000,OPEN,12,31,19
1,1523197439000,OPEN,12,31,19
1,1523198048000,OPEN,12,31,19
1,1523198262000,OPEN,11,31,20
1,1523198262000,OPEN,11,31,20
1,1523198872000,OPEN,10,31,21
1,1523199101000,OPEN,11,31,20
1,1523199101000,OPEN,11,31,20
1,1523199696000,OPEN,11,31,20
1,1523200055000,OPEN,11,31,20
1,1523200286000,OPEN,12,31,19
1,1523200771000,OPEN,9,31,22
1,1523201008000,OPEN,7,31,24
1,1523201351000,OPEN,7,31,24
1,1523201351000,OPEN,7,31,24
1,1523201822000,OPEN,8,31,23
1,1523202110000,OPEN,8,31,23
1,1523202110000,OPEN,8,31,23
1,1523202664000,OPEN,8,31,23
1,1523202975000,OPEN,8,31,23
1,1523202975000,OPEN,8,31,23
1,1523203584000,OPEN,7,31,24
1,1523204069000,OPEN,6,31,25
1,1523204358000,OPEN,2,31,29
1,1523204358000,OPEN,2,31,29
1,1523204968000,OPEN,1,31,30
1,1523204968000,OPEN,1,31,30
1,1523205553000,OPEN,3,31,28
1,1523205690000,OPEN,3,31,28
1,1523206046000,OPEN,2,31,29
1,1523206381000,OPEN,0,31,31
1,1523206686000,OPEN,1,31,30
1,1523206686000,OPEN,1,31,30
1,1523207295000,OPEN,1,31,30
1,1523207295000,OPEN,1,31,30
1,1523207763000,OPEN,0,31,31
1,1523207763000,OPEN,0,31,31
1,1523208522000,OPEN,0,31,31
1,1523208522000,OPEN,0,31,31
1,1523209131000,OPEN,0,31,31
1,1523209131000,OPEN,0,31,31
1,1523209741000,OPEN,0,31,31
1,1523209741000,OPEN,0,31,31
1,1523210237000,OPEN,1,31,30
1,1523210666000,OPEN,0,31,31
1,1523210666000,OPEN,0,31,31
1,1523211104000,OPEN,0,31,31
1,1523211529000,OPEN,2,31,29
1,1523211529000,OPEN,2,31,29
1,1523212138000,OPEN,2,31,29
1,1523212371000,OPEN,2,31,29
1,1523212371000,OPEN,2,31,29
1,1523212981000,OPEN,1,31,30
1,1523212981000,OPEN,1,31,30
1,1523213590000,OPEN,1,31,30
1,1523213590000,OPEN,1,31,30
1,1523214199000,OPEN,1,31,30
1,1523214379000,OPEN,0,31,31
1,1523214379000,OPEN,0,31,31
1,1523214988000,OPEN,0,31,31
1,1523214988000,OPEN,0,31,31
1,1523215597000,OPEN,0,31,31
1,1523215597000,OPEN,0,31,31
1,1523216206000,OPEN,0,31,31
1,1523216206000,OPEN,0,31,31
1,1523216815000,OPEN,0,31,31
1,1523216815000,OPEN,0,31,31
1,1523217424000,OPEN,0,31,31
1,1523217424000,OPEN,0,31,31
1,1523218034000,OPEN,0,31,31
1,1523218308000,OPEN,1,31,30
1,1523218308000,OPEN,1,31,30
1,1523218917000,OPEN,1,31,30
1,1523218917000,OPEN,1,31,30
1,1523219525000,OPEN,1,31,30
1,1523219525000,OPEN,1,31,30
1,1523220189000,OPEN,0,31,31
1,1523220189000,OPEN,0,31,31
1,1523220797000,OPEN,0,31,31
1,1523220797000,OPEN,0,31,31
1,1523221406000,OPEN,0,31,31
1,1523221406000,OPEN,0,31,31
1,1523222016000,OPEN,0,31,31
1,1523222016000,OPEN,0,31,31
1,1523222625000,OPEN,0,31,31
1,1523222625000,OPEN,0,31,31
1,1523223234000,OPEN,0,31,31
1,1523223234000,OPEN,0,31,31
1,1523223843000,OPEN,0,31,31
1,1523223843000,OPEN,0,31,31
1,1523224451000,OPEN,0,31,31
1,1523224451000,OPEN,0,31,31
1,1523225060000,OPEN,0,31,31
1,1523225060000,OPEN,0,31,31
1,1523225670000,OPEN,0,31,31
1,1523225670000,OPEN,0,31,31
1,1523225670000,OPEN,0,31,31
1,1523226371000,OPEN,1,31,30
1,1523226371000,OPEN,1,31,30
1,1523226980000,OPEN,1,31,30
1,1523226980000,OPEN,1,31,30
1,1523227589000,OPEN,1,31,30
1,1523227992000,OPEN,0,31,31
1,1523227992000,OPEN,0,31,31
1,1523228600000,OPEN,0,31,31
1,1523228600000,OPEN,0,31,31
1,1523229209000,OPEN,0,31,31
1,1523229209000,OPEN,0,31,31
1,1523229817000,OPEN,0,31,31
1,1523229817000,OPEN,0,31,31
1,1523230325000,OPEN,0,31,31
1,1523230325000,OPEN,0,31,31
1,1523230933000,OPEN,0,31,31
1,1523230933000,OPEN,0,31,31
1,1523231542000,OPEN,0,31,31
1,1523231542000,OPEN,0,31,31
1,1523232151000,OPEN,0,31,31
1,1523232151000,OPEN,0,31,31
1,1523232760000,OPEN,0,31,31
1,1523232760000,OPEN,0,31,31
1,1523233370000,OPEN,0,31,31
1,1523233370000,OPEN,0,31,31
1,1523233979000,OPEN,0,31,31
1,1523233979000,OPEN,0,31,31
1,1523234588000,OPEN,0,31,31
1,1523234588000,OPEN,0,31,31
1,1523235196000,OPEN,0,31,31
1,1523235196000,OPEN,0,31,31
1,1523235806000,OPEN,0,31,31
1,1523235806000,OPEN,0,31,31
1,1523236415000,OPEN,0,31,31
1,1523236415000,OPEN,0,31,31
1,1523237024000,OPEN,0,31,31
1,1523237024000,OPEN,0,31,31
1,1523237627000,OPEN,0,31,31
1,1523237720000,OPEN,0,31,31
1,1523237720000,OPEN,0,31,31
1,1523238329000,OPEN,0,31,31
1,1523238329000,OPEN,0,31,31
1,1523238938000,OPEN,0,31,31
1,1523238938000,OPEN,0,31,31
1,1523239546000,OPEN,0,31,31
1,1523239546000,OPEN,0,31,31
1,1523240154000,OPEN,0,31,31
1,1523240154000,OPEN,0,31,31
1,1523240762000,OPEN,0,31,31
1,1523240762000,OPEN,0,31,31
1,1523241372000,OPEN,0,31,31
1,1523241372000,OPEN,0,31,31
1,1523241981000,OPEN,0,31,31
1,1523241981000,OPEN,0,31,31
1,1523242590000,OPEN,0,31,31
1,1523242590000,OPEN,0,31,31
1,1523243199000,OPEN,0,31,31
1,1523243199000,OPEN,0,31,31
1,1523243808000,OPEN,0,31,31
1,1523243808000,OPEN,0,31,31
1,1523244418000,OPEN,0,31,31
1,1523244418000,OPEN,0,31,31
1,1523245027000,OPEN,0,31,31
1,1523245027000,OPEN,0,31,31
1,1523245636000,OPEN,0,31,31
1,1523245636000,OPEN,0,31,31
1,1523246245000,OPEN,0,31,31
1,1523246441000,OPEN,0,31,31
1,1523246441000,OPEN,0,31,31
1,1523247210000,OPEN,1,31,30
1,1523247210000,OPEN,1,31,30
1,1523247819000,OPEN,1,31,30
1,1523247819000,OPEN,1,31,30
1,1523248428000,OPEN,1,31,30
1,1523248526000,OPEN,2,31,29
1,1523249038000,OPEN,3,31,28
1,1523249038000,OPEN,3,31,28
1,1523249583000,OPEN,4,31,27
1,1523249759000,OPEN,6,31,25
1,1523249759000,OPEN,6,31,25
1,1523250369000,OPEN,6,31,25
1,1523250369000,OPEN,6,31,25
1,1523250978000,OPEN,6,31,25
1,1523250978000,OPEN,6,31,25
1,1523251762000,OPEN,7,31,24
1,1523251762000,OPEN,7,31,24
1,1523252370000,OPEN,7,31,24
1,1523252676000,OPEN,10,31,21
1,1523252676000,OPEN,10,31,21
1,1523253248000,OPEN,13,31,18
1,1523253248000,OPEN,13,31,18
1,1523253714000,OPEN,14,31,17
1,1523253927000,OPEN,15,31,16
1,1523253927000,OPEN,15,31,16
1,1523254535000,OPEN,15,31,16
1,1523254535000,OPEN,15,31,16
1,1523255235000,OPEN,15,31,16
1,1523255235000,OPEN,15,31,16
1,1523255976000,OPEN,6,31,25
1,1523256203000,OPEN,5,31,26
1,1523256368000,OPEN,6,31,25
1,1523256825000,OPEN,7,31,24
1,1523256951000,OPEN,7,31,24
1,1523257463000,OPEN,8,31,23
1,1523257463000,OPEN,8,31,23
1,1523257890000,OPEN,9,31,22
1,1523258226000,OPEN,10,31,21
1,1523258672000,OPEN,10,31,21
1,1523258928000,OPEN,12,31,19
1,1523259218000,OPEN,9,31,22
1,1523259546000,OPEN,9,31,22
1,1523259830000,OPEN,10,31,21
1,1523259975000,OPEN,10,31,21
1,1523259975000,OPEN,10,31,21
1,1523260647000,OPEN,11,31,20
1,1523260982000,OPEN,14,31,17
1,1523261168000,OPEN,15,31,16
1,1523261641000,OPEN,17,31,14
1,1523261903000,OPEN,19,31,12
1,1523262171000,OPEN,19,31,12
1,1523262171000,OPEN,19,31,12
1,1523262779000,OPEN,19,31,12
1,1523263002000,OPEN,20,31,11
1,1523263002000,OPEN,20,31,11
1,1523263602000,OPEN,21,31,10
1,1523263602000,OPEN,21,31,10
1,1523264336000,OPEN,22,31,9
1,1523264336000,OPEN,22,31,9
1,1523264945000,OPEN,22,31,9
1,1523264945000,OPEN,22,31,9
1,1523265554000,OPEN,22,31,9
1,1523265672000,OPEN,22,31,9
1,1523265995000,OPEN,21,31,10
1,1523266467000,OPEN,21,31,10
1,1523266493000,OPEN,20,31,11
1,1523266493000,OPEN,20,31,11
1,1523267218000,OPEN,21,31,10
1,1523267603000,OPEN,23,31,8
1,1523267603000,OPEN,23,31,8
1,1523268231000,OPEN,24,31,7
1,1523268324000,OPEN,25,31,6
1,1523268629000,OPEN,25,31,6
1,1523268629000,OPEN,25,31,6
1,1523269238000,OPEN,24,31,7
1,1523269687000,OPEN,25,31,6
1,1523270077000,OPEN,27,31,4
1,1523270077000,OPEN,27,31,4
1,1523270077000,OPEN,27,31,4
1,1523270845000,OPEN,29,31,2
1,1523271157000,OPEN,28,31,3
1,1523271537000,OPEN,30,31,1
1,1523271537000,OPEN,30,31,1
1,1523272146000,OPEN,30,31,1
1,1523272435000,OPEN,31,31,0
1,1523272903000,OPEN,31,31,0
1,1523273363000,OPEN,29,31,2
1,1523273671000,OPEN,29,31,2
1,1523273671000,OPEN,29,31,2
1,1523274226000,OPEN,30,31,1
1,1523274528000,OPEN,31,31,0
1,1523274856000,OPEN,31,31,0
1,1523274936000,OPEN,31,31,0
1,1523275223000,OPEN,31,31,0
1,1523275777000,OPEN,31,31,0
1,1523275787000,OPEN,31,31,0
1,1523276370000,OPEN,31,31,0
1,1523276602000,OPEN,31,31,0
1,1523276977000,OPEN,30,31,1
1,1523277262000,OPEN,31,31,0
1,1523277522000,OPEN,29,31,2
1,1523277871000,OPEN,25,31,6
1,1523278164000,OPEN,23,31,8
1,1523278277000,OPEN,24,31,7
1,1523278685000,OPEN,22,31,9
1,1523278898000,OPEN,22,31,9
1,1523279119000,OPEN,23,31,8
1,1523279634000,OPEN,24,31,7
1,1523279826000,OPEN,24,31,7
1,1523279826000,OPEN,24,31,7
1,1523280443000,OPEN,21,31,10
1,1523280443000,OPEN,21,31,10
1,1523281078000,OPEN,19,31,12
1,1523281462000,OPEN,18,31,13
1,1523281462000,OPEN,18,31,13
1,1523282071000,OPEN,17,31,14
1,1523282357000,OPEN,17,31,14
1,1523282357000,OPEN,17,31,14
1,1523282922000,OPEN,17,31,14
1,1523282922000,OPEN,17,31,14
1,1523283375000,OPEN,16,31,15
1,1523283660000,OPEN,16,31,15
1,1523283907000,OPEN,16,31,15
1,1523284212000,OPEN,15,31,16
1,1523284748000,OPEN,15,31,16
1,1523284845000,OPEN,15,31,16
1,1523285227000,OPEN,14,31,17
1,1523285551000,OPEN,14,31,17
1,1523285551000,OPEN,14,31,17
1,1523286104000,OPEN,11,31,20
1,1523286561000,OPEN,8,31,23
1,1523286872000,OPEN,8,31,23
1,1523287155000,OPEN,7,31,24
1,1523287404000,OPEN,8,31,23
1,1523287571000,OPEN,10,31,21
1,1523287947000,OPEN,10,31,21
1,1523287947000,OPEN,10,31,21
1,1523288458000,OPEN,12,31,19
1,1523288972000,OPEN,11,31,20
1,1523289273000,OPEN,9,31,22
1,1523289556000,OPEN,8,31,23
1,1523289872000,OPEN,7,31,24
1,1523289920000,OPEN,8,31,23
1,1523290406000,OPEN,4,31,27
1,1523290714000,OPEN,4,31,27
1,1523291020000,OPEN,3,31,28
1,1523291352000,OPEN,4,31,27
1,1523291677000,OPEN,6,31,25
1,1523291823000,OPEN,8,31,23
1,1523291823000,OPEN,8,31,23
1,1523292563000,OPEN,5,31,26
1,1523292798000,OPEN,4,31,27
1,1523293160000,OPEN,1,31,30
1,1523293188000,OPEN,0,31,31
1,1523293188000,OPEN,0,31,31
1,1523293869000,OPEN,0,31,31
1,1523294288000,OPEN,2,31,29
1,1523294662000,OPEN,3,31,28
1,1523294742000,OPEN,0,31,31
1,1523295228000,OPEN,0,31,31
1,1523295228000,OPEN,0,31,31
1,1523295837000,OPEN,0,31,31
1,1523296172000,OPEN,0,31,31
1,1523296172000,OPEN,0,31,31
1,1523296730000,OPEN,0,31,31
1,1523296730000,OPEN,0,31,31
1,1523297372000,OPEN,1,31,30
1,1523297402000,OPEN,0,31,31
1,1523297402000,OPEN,0,31,31
1,1523298011000,OPEN,0,31,31
1,1523298426000,OPEN,1,31,30
1,1523298426000,OPEN,1,31,30
1,1523299045000,OPEN,1,31,30
1,1523299475000,OPEN,9,31,22
1,1523299682000,OPEN,18,31,13
1,1523299826000,OPEN,18,31,13
1,1523300377000,OPEN,17,31,14
1,1523300379000,OPEN,18,31,13
1,1523300379000,OPEN,18,31,13
1,1523301194000,OPEN,16,31,15
1,1523301337000,OPEN,16,31,15
1,1523301337000,OPEN,16,31,15
1,1523302154000,OPEN,15,31,16
1,1523302370000,OPEN,13,31,18
1,1523302777000,OPEN,10,31,21
1,1523302780000,OPEN,9,31,22
1,1523303373000,OPEN,8,31,23
1,1523303429000,OPEN,7,31,24
1,1523303913000,OPEN,6,31,25
1,1523304109000,OPEN,5,31,26
1,1523304514000,OPEN,2,31,29
1,1523304869000,OPEN,0,31,31
1,1523304869000,OPEN,0,31,31
1,1523305478000,OPEN,0,31,31
1,1523305478000,OPEN,0,31,31
1,1523305478000,OPEN,0,31,31
1,1523306087000,OPEN,0,31,31
1,1523306087000,OPEN,0,31,31
1,1523306743000,OPEN,1,31,30
1,1523306743000,OPEN,1,31,30
1,1523307352000,OPEN,1,31,30
1,1523307670000,OPEN,0,31,31
1,1523307670000,OPEN,0,31,31
1,1523308279000,OPEN,0,31,31
1,1523308279000,OPEN,0,31,31
1,1523308956000,OPEN,1,31,30
1,1523308956000,OPEN,1,31,30
1,1523309565000,OPEN,1,31,30
1,1523309565000,OPEN,1,31,30
1,1523310175000,OPEN,1,31,30
1,1523310175000,OPEN,1,31,30
1,1523310819000,OPEN,0,31,31
1,1523310819000,OPEN,0,31,31
1,1523311428000,OPEN,0,31,31
1,1523311428000,OPEN,0,31,31
1,1523312037000,OPEN,0,31,31
1,1523312037000,OPEN,0,31,31
1,1523312646000,OPEN,0,31,31
1,1523312646000,OPEN,0,31,31
1,1523313256000,OPEN,0,31,31
1,1523313256000,OPEN,0,31,31
1,1523313865000,OPEN,0,31,31
1,1523313865000,OPEN,0,31,31
1,1523314474000,OPEN,0,31,31
1,1523314474000,OPEN,0,31,31
1,1523314474000,OPEN,0,31,31
1,1523315083000,OPEN,0,31,31
1,1523315083000,OPEN,0,31,31
1,1523315692000,OPEN,0,31,31
1,1523315692000,OPEN,0,31,31
1,1523316301000,OPEN,0,31,31
1,1523316755000,OPEN,0,31,31
1,1523316755000,OPEN,0,31,31
1,1523317364000,OPEN,0,31,31
1,1523317364000,OPEN,0,31,31
1,1523317974000,OPEN,0,31,31
1,1523317974000,OPEN,0,31,31
1,1523318584000,OPEN,0,31,31
1,1523318584000,OPEN,0,31,31
1,1523319193000,OPEN,0,31,31
1,1523319193000,OPEN,0,31,31
1,1523319802000,OPEN,0,31,31
1,1523319802000,OPEN,0,31,31
1,1523320411000,OPEN,0,31,31
1,1523320411000,OPEN,0,31,31
1,1523321020000,OPEN,0,31,31
1,1523321020000,OPEN,0,31,31
1,1523321630000,OPEN,0,31,31
1,1523321630000,OPEN,0,31,31
1,1523322239000,OPEN,0,31,31
1,1523322239000,OPEN,0,31,31
1,1523322848000,OPEN,0,31,31
1,1523322848000,OPEN,0,31,31
1,1523323457000,OPEN,0,31,31
1,1523323457000,OPEN,0,31,31
1,1523324020000,OPEN,0,31,31
1,1523324119000,OPEN,0,31,31
1,1523324119000,OPEN,0,31,31
1,1523324728000,OPEN,0,31,31
1,1523324728000,OPEN,0,31,31
1,1523325337000,OPEN,0,31,31
1,1523325337000,OPEN,0,31,31
1,1523325946000,OPEN,0,31,31
1,1523325946000,OPEN,0,31,31
1,1523326556000,OPEN,0,31,31
1,1523326556000,OPEN,0,31,31
1,1523327165000,OPEN,0,31,31
1,1523327165000,OPEN,0,31,31
1,1523327774000,OPEN,0,31,31
1,1523327774000,OPEN,0,31,31
1,1523328383000,OPEN,0,31,31
1,1523328383000,OPEN,0,31,31
1,1523328993000,OPEN,0,31,31
1,1523328993000,OPEN,0,31,31
1,1523329601000,OPEN,0,31,31
1,1523329601000,OPEN,0,31,31
1,1523330211000,OPEN,0,31,31
1,1523330211000,OPEN,0,31,31
1,1523330820000,OPEN,0,31,31
1,1523330820000,OPEN,0,31,31
1,1523331429000,OPEN,0,31,31
1,1523331429000,OPEN,0,31,31
1,1523332038000,OPEN,0,31,31
1,1523332038000,OPEN,0,31,31
1,1523332648000,OPEN,0,31,31
1,1523332840000,OPEN,0,31,31
1,1523332840000,OPEN,0,31,31
1,1523333448000,OPEN,0,31,31
1,1523333448000,OPEN,0,31,31
1,1523334265000,OPEN,1,31,30
1,1523334265000,OPEN,1,31,30
1,1523334874000,OPEN,1,31,30
1,1523335070000,OPEN,2,31,29
1,1523335070000,OPEN,2,31,29
1,1523335678000,OPEN,2,31,29
1,1523336061000,OPEN,4,31,27
1,1523336061000,OPEN,4,31,27
1,1523336476000,OPEN,5,31,26
1,1523336476000,OPEN,5,31,26
1,1523337086000,OPEN,5,31,26
1,1523337086000,OPEN,5,31,26
1,1523337695000,OPEN,5,31,26
1,1523338003000,OPEN,6,31,25
1,1523338443000,OPEN,7,31,24
1,1523338443000,OPEN,7,31,24
1,1523339052000,OPEN,7,31,24
1,1523339223000,OPEN,9,31,22
1,1523339445000,OPEN,10,31,21
1,1523339445000,OPEN,10,31,21
1,1523340175000,OPEN,11,31,20
1,1523340537000,OPEN,12,31,19
1,1523340740000,OPEN,5,31,26
1,1523340962000,OPEN,5,31,26
1,1523341313000,OPEN,7,31,24
1,1523341640000,OPEN,8,31,23
1,1523341640000,OPEN,8,31,23
1,1523342249000,OPEN,8,31,23
1,1523342587000,OPEN,11,31,20
1,1523342587000,OPEN,11,31,20
1,1523343212000,OPEN,15,31,16
1,1523343323000,OPEN,15,31,16
1,1523343819000,OPEN,17,31,14
1,1523344146000,OPEN,19,31,12
1,1523344407000,OPEN,18,31,13
1,1523344407000,OPEN,18,31,13
1,1523344862000,OPEN,18,31,13
1,1523345253000,OPEN,19,31,12
1,1523345628000,OPEN,21,31,10
1,1523345878000,OPEN,21,31,10
1,1523346147000,OPEN,18,31,12
1,1523346576000,OPEN,10,31,20
1,1523346862000,OPEN,3,31,27
1,1523346862000,OPEN,3,31,27
1,1523347443000,OPEN,4,31,26
1,1523347714000,OPEN,5,31,25
1,1523348078000,OPEN,8,31,22
1,1523348355000,OPEN,11,31,19
1,1523348402000,OPEN,12,31,18
1,1523348933000,OPEN,12,31,18
1,1523349022000,OPEN,13,31,17
1,1523349409000,OPEN,14,31,16
1,1523349409000,OPEN,14,31,16
1,1523350018000,OPEN,14,31,16
1,1523350422000,OPEN,16,31,14
1,1523350681000,OPEN,17,31,13
1,1523350681000,OPEN,17,31,13
1,1523351290000,OPEN,17,31,13
1,1523351290000,OPEN,17,31,13
1,1523351936000,OPEN,17,31,13
1,1523351936000,OPEN,17,31,13
1,1523352370000,OPEN,18,31,12
1,1523352730000,OPEN,19,31,11
1,1523352730000,OPEN,19,31,11
1,1523353339000,OPEN,19,31,11
1,1523353339000,OPEN,19,31,11
1,1523353948000,OPEN,19,31,11
1,1523354265000,OPEN,19,31,11
1,1523354265000,OPEN,19,31,11
1,1523354959000,OPEN,20,31,10
1,1523355229000,OPEN,21,31,9
1,1523355549000,OPEN,22,31,8
1,1523355549000,OPEN,22,31,8
1,1523356158000,OPEN,22,31,8
1,1523356304000,OPEN,22,31,8
1,1523356304000,OPEN,22,31,8
1,1523356913000,OPEN,22,31,8
1,1523357309000,OPEN,23,31,7
1,1523357309000,OPEN,23,31,7
1,1523357918000,OPEN,23,31,7
1,1523358171000,OPEN,23,31,7
1,1523358572000,OPEN,23,31,7
1,1523358873000,OPEN,22,31,8
1,1523359175000,OPEN,22,31,9
1,1523359187000,OPEN,23,31,8
1,1523359590000,OPEN,22,31,9
1,1523360040000,OPEN,21,31,10
1,1523360040000,OPEN,21,31,10
1,1523360649000,OPEN,20,31,11
1,1523360649000,OPEN,20,31,11
1,1523361090000,OPEN,23,31,8
1,1523361574000,OPEN,21,31,10
1,1523361878000,OPEN,11,31,20
1,1523361958000,OPEN,5,31,26
1,1523362408000,OPEN,7,31,24
1,1523362669000,OPEN,8,31,23
1,1523362897000,OPEN,9,31,22
1,1523363221000,OPEN,7,31,24
1,1523363623000,OPEN,5,31,26
1,1523363765000,OPEN,5,31,26
1,1523364234000,OPEN,5,31,26
1,1523364234000,OPEN,5,31,26
1,1523364842000,OPEN,4,31,27
1,1523364842000,OPEN,4,31,27
1,1523365274000,OPEN,4,31,27
1,1523365274000,OPEN,4,31,27
1,1523365883000,OPEN,3,31,28
1,1523365883000,OPEN,3,31,28
1,1523366429000,OPEN,3,31,28
1,1523366429000,OPEN,3,31,28
1,1523367038000,OPEN,2,31,29
1,1523367038000,OPEN,2,31,29
1,1523367717000,OPEN,2,31,29
1,1523367717000,OPEN,2,31,29
1,1523368326000,OPEN,1,31,30
1,1523368326000,OPEN,1,31,30
1,1523368936000,OPEN,1,31,30
1,1523368936000,OPEN,1,31,30
1,1523369633000,OPEN,0,31,31
1,1523369633000,OPEN,0,31,31
1,1523370242000,OPEN,0,31,31
1,1523370242000,OPEN,0,31,31
1,1523370851000,OPEN,0,31,31
1,1523370851000,OPEN,0,31,31
1,1523371459000,OPEN,0,31,31
1,1523371459000,OPEN,0,31,31
1,1523372069000,OPEN,0,31,31
1,1523372069000,OPEN,0,31,31
1,1523372678000,OPEN,0,31,31
1,1523372678000,OPEN,0,31,31
1,1523372678000,OPEN,0,31,31
1,1523373338000,OPEN,1,31,30
1,1523373338000,OPEN,1,31,30
1,1523374001000,OPEN,1,31,30
1,1523374338000,OPEN,0,31,31
1,1523374338000,OPEN,0,31,31
1,1523375054000,OPEN,1,31,30
1,1523375054000,OPEN,1,31,30
1,1523375468000,OPEN,2,31,29
1,1523375756000,OPEN,2,31,29
1,1523376243000,OPEN,0,31,31
1,1523376243000,OPEN,0,31,31
1,1523376742000,OPEN,2,31,29
1,1523377178000,OPEN,2,31,29
1,1523377463000,OPEN,2,31,29
1,1523377694000,OPEN,3,31,28
1,1523378076000,OPEN,3,31,28
1,1523378255000,OPEN,2,31,29
1,1523378255000,OPEN,2,31,29
1,1523378941000,OPEN,0,31,31
1,1523378941000,OPEN,0,31,31
1,1523379550000,OPEN,0,31,31
1,1523379550000,OPEN,0,31,31
1,1523380089000,OPEN,0,31,31
1,1523380089000,OPEN,0,31,31
1,1523380550000,OPEN,0,31,31
1,1523381022000,OPEN,2,31,29
1,1523381332000,OPEN,2,31,29
1,1523381665000,OPEN,2,31,29
1,1523381961000,OPEN,2,31,29
1,1523382002000,OPEN,2,31,29
1,1523382453000,OPEN,0,31,31
1,1523382837000,OPEN,0,31,31
1,1523383148000,OPEN,2,31,29
1,1523383264000,OPEN,3,31,28
1,1523383678000,OPEN,4,31,27
1,1523384074000,OPEN,2,31,29
1,1523384352000,OPEN,2,31,29
1,1523384432000,OPEN,2,31,29
1,1523384432000,OPEN,2,31,29
1,1523385041000,OPEN,2,31,29
1,1523385041000,OPEN,2,31,29
1,1523385650000,OPEN,2,31,29
1,1523386175000,OPEN,8,31,23
1,1523386423000,OPEN,18,31,13
1,1523386663000,OPEN,19,31,12
1,1523386663000,OPEN,19,31,12
1,1523387273000,OPEN,18,31,13
1,1523387273000,OPEN,18,31,13
1,1523387712000,OPEN,18,31,13
1,1523387712000,OPEN,18,31,13
1,1523388565000,OPEN,18,31,13
1,1523388788000,OPEN,18,31,13
1,1523389003000,OPEN,17,31,14
1,1523389003000,OPEN,17,31,14
1,1523389613000,OPEN,16,31,15
1,1523389613000,OPEN,16,31,15
1,1523390377000,OPEN,15,31,16
1,1523390676000,OPEN,13,31,18
1,1523390930000,OPEN,10,31,21
1,1523391096000,OPEN,10,31,21
1,1523391577000,OPEN,8,31,23
1,1523391583000,OPEN,9,31,22
1,1523392157000,OPEN,8,31,23
1,1523392157000,OPEN,8,31,23
1,1523392767000,OPEN,7,31,24
1,1523392767000,OPEN,7,31,24
1,1523393376000,OPEN,7,31,24
1,1523393376000,OPEN,7,31,24
1,1523393376000,OPEN,7,31,24
1,1523394050000,OPEN,7,31,24
1,1523394050000,OPEN,7,31,24
1,1523394742000,OPEN,6,31,25
1,1523394742000,OPEN,6,31,25
1,1523395456000,OPEN,5,31,26
1,1523395620000,OPEN,4,31,27
1,1523395620000,OPEN,4,31,27
1,1523396229000,OPEN,2,31,29
1,1523396505000,OPEN,2,31,29
1,1523396971000,OPEN,2,31,29
1,1523397018000,OPEN,0,31,31
1,1523397018000,OPEN,0,31,31
1,1523397627000,OPEN,0,31,31
1,1523397627000,OPEN,0,31,31
1,1523398236000,OPEN,0,31,31
1,1523398236000,OPEN,0,31,31
1,1523398845000,OPEN,0,31,31
1,1523398845000,OPEN,0,31,31
1,1523399454000,OPEN,0,31,31
1,1523399454000,OPEN,0,31,31
1,1523400064000,OPEN,0,31,31
1,1523400064000,OPEN,0,31,31
1,1523400674000,OPEN,0,31,31
1,1523400674000,OPEN,0,31,31
1,1523401283000,OPEN,0,31,31
1,1523401283000,OPEN,0,31,31
1,1523401893000,OPEN,0,31,31
1,1523401893000,OPEN,0,31,31
1,1523402502000,OPEN,0,31,31
1,1523402502000,OPEN,0,31,31
1,1523403139000,OPEN,0,31,31
1,1523403139000,OPEN,0,31,31
1,1523403748000,OPEN,0,31,31
1,1523403748000,OPEN,0,31,31
1,1523404358000,OPEN,0,31,31
1,1523404358000,OPEN,0,31,31
1,1523404967000,OPEN,0,31,31
1,1523404967000,OPEN,0,31,31
1,1523405576000,OPEN,0,31,31
1,1523405576000,OPEN,0,31,31
1,1523406185000,OPEN,0,31,31
1,1523406185000,OPEN,0,31,31
1,1523406794000,OPEN,0,31,31
1,1523406794000,OPEN,0,31,31
1,1523407404000,OPEN,0,31,31
1,1523407404000,OPEN,0,31,31
1,1523408013000,OPEN,0,31,31
1,1523408013000,OPEN,0,31,31
1,1523408622000,OPEN,0,31,31
1,1523408622000,OPEN,0,31,31
1,1523409231000,OPEN,0,31,31
1,1523409231000,OPEN,0,31,31
1,1523409840000,OPEN,0,31,31
1,1523409840000,OPEN,0,31,31
1,1523410422000,OPEN,0,31,31
1,1523410520000,OPEN,0,31,31
1,1523410520000,OPEN,0,31,31
1,1523411129000,OPEN,0,31,31
1,1523411129000,OPEN,0,31,31
1,1523411738000,OPEN,0,31,31
1,1523411738000,OPEN,0,31,31
1,1523412348000,OPEN,0,31,31
1,1523412348000,OPEN,0,31,31
1,1523412957000,OPEN,0,31,31
1,1523412957000,OPEN,0,31,31
1,1523413566000,OPEN,0,31,31
1,1523413566000,OPEN,0,31,31
1,1523414175000,OPEN,0,31,31
1,1523414175000,OPEN,0,31,31
1,1523414784000,OPEN,0,31,31
1,1523414784000,OPEN,0,31,31
1,1523415393000,OPEN,0,31,31
1,1523415393000,OPEN,0,31,31
1,1523416003000,OPEN,0,31,31
1,1523416003000,OPEN,0,31,31
1,1523416612000,OPEN,0,31,31
1,1523416612000,OPEN,0,31,31
1,1523417221000,OPEN,0,31,31
1,1523417221000,OPEN,0,31,31
1,1523417830000,OPEN,0,31,31
1,1523417830000,OPEN,0,31,31
1,1523418440000,OPEN,0,31,31
1,1523418440000,OPEN,0,31,31
1,1523419050000,OPEN,0,31,31
1,1523419241000,OPEN,0,31,31
1,1523419241000,OPEN,0,31,31
1,1523419851000,OPEN,0,31,31
1,1523419851000,OPEN,0,31,31
1,1523420461000,OPEN,0,31,31
1,1523420461000,OPEN,0,31,31
1,1523421069000,OPEN,0,31,31
1,1523421443000,OPEN,1,31,30
1,1523421443000,OPEN,1,31,30
1,1523422051000,OPEN,1,31,30
1,1523422051000,OPEN,1,31,30
1,1523422684000,OPEN,2,31,29
1,1523422684000,OPEN,2,31,29
1,1523423293000,OPEN,2,31,29
1,1523423293000,OPEN,2,31,29
1,1523423902000,OPEN,2,31,29
1,1523424129000,OPEN,3,31,28
1,1523424567000,OPEN,4,31,27
1,1523424567000,OPEN,4,31,27
1,1523425176000,OPEN,4,31,27
1,1523425470000,OPEN,5,31,26
1,1523425609000,OPEN,6,31,25
1,1523425970000,OPEN,7,31,24
1,1523426259000,OPEN,9,31,22
1,1523426663000,OPEN,10,31,21
1,1523426686000,OPEN,10,31,21
1,1523427102000,OPEN,9,31,22
1,1523427102000,OPEN,9,31,22
1,1523427785000,OPEN,9,31,22
1,1523428036000,OPEN,10,31,21
1,1523428036000,OPEN,10,31,21
1,1523428645000,OPEN,10,31,21
1,1523428920000,OPEN,11,31,20
1,1523429297000,OPEN,12,31,19
1,1523429652000,OPEN,13,31,18
1,1523429977000,OPEN,12,31,19
1,1523430213000,OPEN,6,31,25
1,1523430456000,OPEN,6,31,25
1,1523430456000,OPEN,6,31,25
1,1523431064000,OPEN,6,31,25
1,1523431349000,OPEN,8,31,23
1,1523431621000,OPEN,10,31,21
1,1523431621000,OPEN,10,31,21
1,1523432230000,OPEN,10,31,21
1,1523432482000,OPEN,10,31,21
1,1523432830000,OPEN,11,31,20
1,1523432830000,OPEN,11,31,20
1,1523433437000,OPEN,11,31,20
1,1523433778000,OPEN,12,31,19
1,1523434106000,OPEN,14,31,17
1,1523434387000,OPEN,15,31,16
1,1523434387000,OPEN,15,31,16
1,1523435070000,OPEN,16,31,15
1,1523435269000,OPEN,15,31,16
1,1523435517000,OPEN,16,31,15
1,1523435517000,OPEN,16,31,15
1,1523436245000,OPEN,16,31,15
1,1523436535000,OPEN,8,31,23
1,1523436873000,OPEN,7,31,24
1,1523437061000,OPEN,9,31,22
1,1523437199000,OPEN,10,31,21
1,1523437199000,OPEN,10,31,21
1,1523437875000,OPEN,11,31,20
1,1523437875000,OPEN,11,31,20
1,1523438483000,OPEN,10,31,21
1,1523438861000,OPEN,11,31,20
1,1523438861000,OPEN,11,31,20
1,1523439510000,OPEN,12,31,19
1,1523439510000,OPEN,12,31,19
1,1523439949000,OPEN,13,31,18
1,1523440309000,OPEN,15,31,16
1,1523440309000,OPEN,15,31,16
1,1523441060000,OPEN,17,31,14
1,1523441163000,OPEN,17,31,14
1,1523441163000,OPEN,17,31,14
1,1523441919000,OPEN,18,31,13
1,1523441999000,OPEN,19,31,12
1,1523441999000,OPEN,19,31,12
1,1523442608000,OPEN,19,31,12
1,1523442896000,OPEN,19,31,12
1,1523443351000,OPEN,18,31,13
1,1523443351000,OPEN,18,31,13
1,1523444038000,OPEN,20,31,11
1,1523444373000,OPEN,20,31,11
1,1523444373000,OPEN,20,31,11
1,1523444373000,OPEN,20,31,11
1,1523445201000,OPEN,21,31,10
1,1523445201000,OPEN,21,31,10
1,1523445810000,OPEN,21,31,10
1,1523445996000,OPEN,21,31,10
1,1523446386000,OPEN,19,31,12
1,1523446570000,OPEN,18,31,13
1,1523446570000,OPEN,18,31,13
1,1523447341000,OPEN,16,31,15
1,1523447616000,OPEN,17,31,14
1,1523447754000,OPEN,17,31,14
1,1523448234000,OPEN,15,31,16
1,1523448523000,OPEN,15,31,16
1,1523448669000,OPEN,17,31,14
1,1523449168000,OPEN,17,31,14
1,1523449366000,OPEN,14,31,17
1,1523449366000,OPEN,14,31,17
1,1523449932000,OPEN,15,31,16
1,1523449932000,OPEN,15,31,16
1,1523450677000,OPEN,17,31,14
1,1523450769000,OPEN,18,31,13
1,1523451260000,OPEN,20,31,11
1,1523451523000,OPEN,20,31,11
1,1523451876000,OPEN,21,31,10
1,1523452175000,OPEN,20,31,11
1,1523452207000,OPEN,19,31,12
1,1523452207000,OPEN,19,31,12
1,1523452800000,OPEN,19,31,12
1,1523453197000,OPEN,19,31,12
1,1523453665000,OPEN,16,31,15
1,1523453970000,OPEN,15,31,16
1,1523454034000,OPEN,14,31,17
1,1523454552000,OPEN,12,31,19
1,1523454818000,OPEN,15,31,16
1,1523455154000,OPEN,14,31,17
1,1523455472000,OPEN,14,31,17
1,1523455767000,OPEN,15,31,16
1,1523456054000,OPEN,15,31,16
1,1523456374000,OPEN,15,31,16
1,1523456666000,OPEN,13,31,18
1,1523456666000,OPEN,13,31,18
1,1523457175000,OPEN,12,31,19
1,1523457175000,OPEN,12,31,19
1,1523457785000,OPEN,12,31,19
1,1523457785000,OPEN,12,31,19
1,1523458268000,OPEN,14,31,17
1,1523458619000,OPEN,13,31,18
1,1523458855000,OPEN,12,31,19
1,1523459219000,OPEN,12,31,19
1,1523459529000,OPEN,10,31,21
1,1523459780000,OPEN,11,31,20
1,1523460175000,OPEN,13,31,18
1,1523460576000,OPEN,13,31,18
1,1523460732000,OPEN,14,31,17
1,1523461136000,OPEN,15,31,16
1,1523461426000,OPEN,14,31,17
1,1523461673000,OPEN,14,31,17
1,1523462035000,OPEN,15,31,16
1,1523462372000,OPEN,13,31,18
1,1523462677000,OPEN,10,31,21
1,1523462960000,OPEN,9,31,22
1,1523463218000,OPEN,9,31,22
1,1523463473000,OPEN,6,31,25
1,1523463850000,OPEN,5,31,26
1,1523463912000,OPEN,5,31,26
1,1523464396000,OPEN,3,31,28
1,1523464777000,OPEN,2,31,29
1,1523465073000,OPEN,4,31,27
1,1523465194000,OPEN,2,31,29
1,1523465528000,OPEN,0,31,31
1,1523465528000,OPEN,0,31,31
1,1523466137000,OPEN,0,31,31
1,1523466566000,OPEN,1,31,30
1,1523466828000,OPEN,3,31,28
1,1523467077000,OPEN,2,31,29
1,1523467077000,OPEN,2,31,29
1,1523467669000,OPEN,1,31,30
1,1523467818000,OPEN,0,31,31
1,1523468301000,OPEN,2,31,29
1,1523468625000,OPEN,4,31,27
1,1523468853000,OPEN,5,31,26
1,1523469083000,OPEN,3,31,28
1,1523469498000,OPEN,3,31,28
1,1523469847000,OPEN,3,31,28
1,1523470161000,OPEN,4,31,27
1,1523470263000,OPEN,4,31,27
1,1523470766000,OPEN,4,31,27
1,1523470766000,OPEN,4,31,27
1,1523471200000,OPEN,5,31,26
1,1523471675000,OPEN,4,31,27
1,1523471684000,OPEN,4,31,27
1,1523472247000,OPEN,2,31,29
1,1523472426000,OPEN,1,31,30
1,1523472426000,OPEN,1,31,30
1,1523473036000,OPEN,1,31,30
1,1523473363000,OPEN,0,31,31
1,1523473623000,OPEN,1,31,30
1,1523473623000,OPEN,1,31,30
1,1523474231000,OPEN,1,31,30
1,1523474649000,OPEN,2,31,29
1,1523474692000,OPEN,2,31,29
1,1523474692000,OPEN,2,31,29
1,1523475302000,OPEN,1,31,30
1,1523475851000,OPEN,2,31,29
1,1523475988000,OPEN,0,31,31
1,1523475988000,OPEN,0,31,31
1,1523476596000,OPEN,0,31,31
1,1523476596000,OPEN,0,31,31
1,1523477205000,OPEN,0,31,31
1,1523477675000,OPEN,15,31,16
1,1523477880000,OPEN,16,31,15
1,1523478043000,OPEN,15,31,16
1,1523478043000,OPEN,15,31,16
1,1523478801000,OPEN,15,31,16
1,1523479000000,OPEN,14,31,17
1,1523479357000,OPEN,13,31,18
1,1523479576000,OPEN,13,31,18
1,1523480006000,OPEN,9,31,22
1,1523480368000,OPEN,5,31,26
1,1523480430000,OPEN,4,31,27
1,1523480430000,OPEN,4,31,27
1,1523481187000,OPEN,3,31,28
1,1523481187000,OPEN,3,31,28
1,1523481797000,OPEN,2,31,29
1,1523482134000,OPEN,3,31,28
1,1523482134000,OPEN,3,31,28
1,1523482645000,OPEN,3,31,28
1,1523482645000,OPEN,3,31,28
1,1523483254000,OPEN,2,31,29
1,1523483439000,OPEN,2,31,29
1,1523483439000,OPEN,2,31,29
1,1523484049000,OPEN,1,31,30
1,1523484049000,OPEN,1,31,30
1,1523484658000,OPEN,1,31,30
1,1523485011000,OPEN,0,31,31
1,1523485011000,OPEN,0,31,31
1,1523485620000,OPEN,0,31,31
1,1523485620000,OPEN,0,31,31
1,1523486228000,OPEN,0,31,31
1,1523486228000,OPEN,0,31,31
1,1523486837000,OPEN,0,31,31
1,1523486837000,OPEN,0,31,31
1,1523487446000,OPEN,0,31,31
1,1523487446000,OPEN,0,31,31
1,1523488055000,OPEN,0,31,31
1,1523488055000,OPEN,0,31,31
1,1523488664000,OPEN,0,31,31
1,1523488664000,OPEN,0,31,31
1,1523489273000,OPEN,0,31,31
1,1523489566000,OPEN,0,31,31
1,1523489566000,OPEN,0,31,31
1,1523490175000,OPEN,0,31,31
1,1523490175000,OPEN,0,31,31
1,1523490784000,OPEN,0,31,31
1,1523490784000,OPEN,0,31,31
1,1523491394000,OPEN,0,31,31
1,1523491394000,OPEN,0,31,31
1,1523492003000,OPEN,0,31,31
1,1523492003000,OPEN,0,31,31
1,1523492611000,OPEN,0,31,31
1,1523492611000,OPEN,0,31,31
1,1523493221000,OPEN,0,31,31
1,1523493221000,OPEN,0,31,31
1,1523493830000,OPEN,0,31,31
1,1523493830000,OPEN,0,31,31
1,1523494439000,OPEN,0,31,31
1,1523494439000,OPEN,0,31,31
1,1523495049000,OPEN,0,31,31
1,1523495049000,OPEN,0,31,31
1,1523495658000,OPEN,0,31,31
1,1523495658000,OPEN,0,31,31
1,1523496267000,OPEN,0,31,31
1,1523496267000,OPEN,0,31,31
1,1523496875000,OPEN,0,31,31
1,1523497045000,OPEN,0,31,31
1,1523497045000,OPEN,0,31,31
1,1523497654000,OPEN,0,31,31
1,1523497654000,OPEN,0,31,31
1,1523498263000,OPEN,0,31,31
1,1523498263000,OPEN,0,31,31
1,1523498872000,OPEN,0,31,31
1,1523498872000,OPEN,0,31,31
1,1523499481000,OPEN,0,31,31
1,1523499481000,OPEN,0,31,31
1,1523500091000,OPEN,0,31,31
1,1523500091000,OPEN,0,31,31
1,1523500699000,OPEN,0,31,31
1,1523500699000,OPEN,0,31,31
1,1523501308000,OPEN,0,31,31
1,1523501308000,OPEN,0,31,31
1,1523501917000,OPEN,0,31,31
1,1523501917000,OPEN,0,31,31
1,1523502525000,OPEN,0,31,31
1,1523502525000,OPEN,0,31,31
1,1523503134000,OPEN,0,31,31
1,1523503134000,OPEN,0,31,31
1,1523503744000,OPEN,0,31,31
1,1523503744000,OPEN,0,31,31
1,1523504353000,OPEN,0,31,31
1,1523504353000,OPEN,0,31,31
1,1523504962000,OPEN,0,31,31
1,1523504962000,OPEN,0,31,31
1,1523505571000,OPEN,0,31,31
1,1523505645000,OPEN,0,31,31
1,1523505645000,OPEN,0,31,31
1,1523506254000,OPEN,0,31,31
1,1523506653000,OPEN,1,31,30
1,1523506862000,OPEN,2,31,29
1,1523507206000,OPEN,4,31,27
1,1523507550000,OPEN,5,31,26
1,1523507779000,OPEN,6,31,25
1,1523507779000,OPEN,6,31,25
1,1523508387000,OPEN,6,31,25
1,1523508387000,OPEN,6,31,25
1,1523508997000,OPEN,6,31,25
1,1523509239000,OPEN,7,31,24
1,1523509239000,OPEN,7,31,24
1,1523509849000,OPEN,7,31,24
1,1523509849000,OPEN,7,31,24
1,1523510549000,OPEN,9,31,22
1,1523510549000,OPEN,9,31,22
1,1523511157000,OPEN,9,31,22
1,1523511349000,OPEN,10,31,21
1,1523511615000,OPEN,11,31,20
1,1523511615000,OPEN,11,31,20
1,1523512421000,OPEN,13,31,18
1,1523512734000,OPEN,16,31,15
1,1523513076000,OPEN,16,31,15
1,1523513216000,OPEN,17,31,14
1,1523513216000,OPEN,17,31,14
1,1523513717000,OPEN,17,31,14
1,1523513717000,OPEN,17,31,14
1,1523514571000,OPEN,20,31,11
1,1523514712000,OPEN,18,31,13
1,1523515177000,OPEN,9,31,22
1,1523515413000,OPEN,6,31,25
1,1523515754000,OPEN,7,31,24
1,1523516021000,OPEN,9,31,22
1,1523516021000,OPEN,9,31,22
1,1523516537000,OPEN,11,31,20
1,1523516907000,OPEN,13,31,18
1,1523516907000,OPEN,13,31,18
1,1523517424000,OPEN,13,31,18
1,1523517620000,OPEN,13,31,18
1,1523517620000,OPEN,13,31,18
1,1523518434000,OPEN,14,31,17
1,1523518773000,OPEN,15,31,16
1,1523518874000,OPEN,15,31,16
1,1523519318000,OPEN,13,31,18
1,1523519318000,OPEN,13,31,18
1,1523519807000,OPEN,10,31,20
1,1523520266000,OPEN,11,31,19
1,1523520508000,OPEN,12,31,18
1,1523520797000,OPEN,12,31,18
1,1523521101000,OPEN,10,31,20
1,1523521101000,OPEN,10,31,20
1,1523521641000,OPEN,11,31,20
1,1523521864000,OPEN,12,31,19
1,1523522321000,OPEN,14,31,17
1,1523522495000,OPEN,14,31,17
1,1523522495000,OPEN,14,31,17
1,1523523252000,OPEN,16,31,15
1,1523523499000,OPEN,18,31,13
1,1523523791000,OPEN,20,31,11
1,1523523791000,OPEN,20,31,11
1,1523524400000,OPEN,20,31,11
1,1523524400000,OPEN,20,31,11
1,1523525009000,OPEN,20,31,11
1,1523525337000,OPEN,20,31,11
1,1523525337000,OPEN,20,31,11
1,1523525741000,OPEN,20,31,11
1,1523525741000,OPEN,20,31,11
1,1523526349000,OPEN,20,31,11
1,1523526349000,OPEN,20,31,11
1,1523526959000,OPEN,20,31,11
1,1523527288000,OPEN,20,31,11
1,1523527550000,OPEN,20,31,11
1,1523527930000,OPEN,21,31,10
1,1523527930000,OPEN,21,31,10
1,1523528539000,OPEN,21,31,10
1,1523528539000,OPEN,21,31,10
1,1523529149000,OPEN,21,31,10
1,1523529149000,OPEN,21,31,10
1,1523529677000,OPEN,21,31,10
1,1523529677000,OPEN,21,31,10
1,1523530337000,OPEN,19,31,12
1,1523530570000,OPEN,20,31,11
1,1523530985000,OPEN,21,31,10
1,1523530985000,OPEN,21,31,10
1,1523531637000,OPEN,23,31,8
1,1523531964000,OPEN,24,31,7
1,1523532193000,OPEN,25,31,6
1,1523532193000,OPEN,25,31,6
1,1523532802000,OPEN,24,31,7
1,1523533141000,OPEN,24,31,7
1,1523533468000,OPEN,24,31,7
1,1523533468000,OPEN,24,31,7
1,1523534069000,OPEN,26,31,5
1,1523534175000,OPEN,26,31,5
1,1523534175000,OPEN,26,31,5
1,1523534946000,OPEN,29,31,2
1,1523535211000,OPEN,28,31,3
1,1523535451000,OPEN,29,31,2
1,1523535802000,OPEN,30,31,1
1,1523536138000,OPEN,30,31,1
1,1523536240000,OPEN,31,31,0
1,1523536688000,OPEN,31,31,0
1,1523537071000,OPEN,30,31,1
1,1523537201000,OPEN,29,31,2
1,1523537668000,OPEN,29,31,2
1,1523537977000,OPEN,28,31,3
1,1523538173000,OPEN,28,31,3
1,1523538173000,OPEN,28,31,3
1,1523538851000,OPEN,26,31,5
1,1523538851000,OPEN,26,31,5
1,1523539460000,OPEN,25,31,6
1,1523539656000,OPEN,26,31,5
1,1523539982000,OPEN,27,31,4
1,1523540279000,OPEN,26,31,5
1,1523540667000,OPEN,24,31,7
1,1523540973000,OPEN,24,31,7
1,1523541235000,OPEN,24,31,7
1,1523541529000,OPEN,13,31,18
1,1523541529000,OPEN,13,31,18
1,1523542092000,OPEN,12,31,19
1,1523542404000,OPEN,11,31,20
1,1523542766000,OPEN,12,31,19
1,1523542947000,OPEN,11,31,20
1,1523543121000,OPEN,12,31,19
1,1523543640000,OPEN,12,31,19
1,1523543640000,OPEN,12,31,19
1,1523544225000,OPEN,11,31,20
1,1523544225000,OPEN,11,31,20
1,1523544875000,OPEN,10,31,21
1,1523545132000,OPEN,9,31,22
1,1523545389000,OPEN,8,31,23
1,1523545757000,OPEN,8,31,23
1,1523546076000,OPEN,8,31,23
1,1523546079000,OPEN,7,31,24
1,1523546659000,OPEN,8,31,23
1,1523546759000,OPEN,10,31,21
1,1523547168000,OPEN,9,31,22
1,1523547389000,OPEN,9,31,22
1,1523547769000,OPEN,8,31,23
1,1523548011000,OPEN,9,31,22
1,1523548476000,OPEN,7,31,24
1,1523548777000,OPEN,9,31,22
1,1523549059000,OPEN,6,31,25
1,1523549329000,OPEN,6,31,25
1,1523549329000,OPEN,6,31,25
1,1523549946000,OPEN,6,31,25
1,1523550259000,OPEN,5,31,26
1,1523550259000,OPEN,5,31,26
1,1523550835000,OPEN,4,31,27
1,1523551175000,OPEN,2,31,29
1,1523551463000,OPEN,2,31,29
1,1523551463000,OPEN,2,31,29
1,1523552077000,OPEN,2,31,29
1,1523552296000,OPEN,1,31,30
1,1523552657000,OPEN,4,31,27
1,1523552977000,OPEN,5,31,26
1,1523553257000,OPEN,8,31,23
1,1523553543000,OPEN,8,31,23
1,1523553876000,OPEN,12,31,19
1,1523554177000,OPEN,16,31,15
1,1523554453000,OPEN,17,31,14
1,1523554503000,OPEN,18,31,13
1,1523555062000,OPEN,22,31,9
1,1523555232000,OPEN,19,31,12
1,1523555668000,OPEN,18,31,13
1,1523555895000,OPEN,20,31,11
1,1523556179000,OPEN,18,31,13
1,1523556475000,OPEN,20,31,11
1,1523556745000,OPEN,22,31,9
1,1523557168000,OPEN,22,31,9
1,1523557453000,OPEN,23,31,8
1,1523557617000,OPEN,27,31,4
1,1523557991000,OPEN,27,31,4
1,1523558317000,OPEN,29,31,2
1,1523558676000,OPEN,26,31,5
1,1523558885000,OPEN,27,31,4
1,1523559235000,OPEN,28,31,3
1,1523559518000,OPEN,26,31,5
1,1523559877000,OPEN,23,31,8
1,1523559885000,OPEN,22,31,9
1,1523560195000,OPEN,23,31,8
1,1523560548000,OPEN,21,31,10
1,1523560985000,OPEN,19,31,12
1,1523561323000,OPEN,18,31,13
1,1523561617000,OPEN,16,31,15
1,1523561617000,OPEN,16,31,15
1,1523562156000,OPEN,14,31,17
1,1523562471000,OPEN,13,31,18
1,1523562818000,OPEN,12,31,19
1,1523563156000,OPEN,10,31,21
1,1523563447000,OPEN,9,31,22
1,1523563447000,OPEN,9,31,22
1,1523564057000,OPEN,8,31,23
1,1523564057000,OPEN,8,31,23
1,1523564597000,OPEN,8,31,23
1,1523564822000,OPEN,8,31,23
1,1523565209000,OPEN,6,31,25
1,1523565558000,OPEN,8,31,23
1,1523565753000,OPEN,8,31,23
1,1523565940000,OPEN,7,31,24
1,1523565940000,OPEN,7,31,24
1,1523566764000,OPEN,6,31,25
1,1523566989000,OPEN,7,31,24
1,1523567354000,OPEN,6,31,25
1,1523567656000,OPEN,12,31,19
1,1523567686000,OPEN,12,31,19
1,1523568238000,OPEN,10,31,21
1,1523568238000,OPEN,10,31,21
1,1523568856000,OPEN,10,31,21
1,1523569137000,OPEN,9,31,22
1,1523569346000,OPEN,7,31,24
1,1523569541000,OPEN,6,31,25
1,1523569541000,OPEN,6,31,25
1,1523570151000,OPEN,5,31,26
1,1523570443000,OPEN,5,31,26
1,1523570969000,OPEN,2,31,29
1,1523571004000,OPEN,0,31,31
1,1523571004000,OPEN,0,31,31
1,1523571614000,OPEN,0,31,31
1,1523571614000,OPEN,0,31,31
1,1523572223000,OPEN,0,31,31
1,1523572223000,OPEN,0,31,31
1,1523573054000,OPEN,2,31,29
1,1523573054000,OPEN,2,31,29
1,1523573663000,OPEN,2,31,29
1,1523573663000,OPEN,2,31,29
1,1523574273000,OPEN,2,31,29
1,1523574273000,OPEN,2,31,29
1,1523574600000,OPEN,2,31,29
1,1523574600000,OPEN,2,31,29
1,1523575209000,OPEN,1,31,30
1,1523575209000,OPEN,1,31,30
1,1523575940000,OPEN,1,31,30
1,1523575940000,OPEN,1,31,30
1,1523576540000,OPEN,1,31,30
1,1523576540000,OPEN,1,31,30
1,1523577149000,OPEN,1,31,30
1,1523577149000,OPEN,1,31,30
1,1523577758000,OPEN,1,31,30
1,1523577758000,OPEN,1,31,30
1,1523578367000,OPEN,1,31,30
1,1523578367000,OPEN,1,31,30
1,1523578976000,OPEN,1,31,30
1,1523578976000,OPEN,1,31,30
1,1523579586000,OPEN,1,31,30
1,1523579586000,OPEN,1,31,30
1,1523580195000,OPEN,1,31,30
1,1523580195000,OPEN,1,31,30
1,1523580804000,OPEN,1,31,30
1,1523580804000,OPEN,1,31,30
1,1523581413000,OPEN,1,31,30
1,1523581413000,OPEN,1,31,30
1,1523582023000,OPEN,1,31,30
1,1523582023000,OPEN,1,31,30
1,1523582632000,OPEN,1,31,30
1,1523582632000,OPEN,1,31,30
1,1523583261000,OPEN,1,31,30
1,1523583261000,OPEN,1,31,30
1,1523583871000,OPEN,1,31,30
1,1523583871000,OPEN,1,31,30
1,1523583871000,OPEN,1,31,30
1,1523584480000,OPEN,1,31,30
1,1523584480000,OPEN,1,31,30
1,1523585089000,OPEN,1,31,30
1,1523585089000,OPEN,1,31,30
1,1523585698000,OPEN,1,31,30
1,1523585698000,OPEN,1,31,30
1,1523586307000,OPEN,1,31,30
1,1523586307000,OPEN,1,31,30
1,1523586917000,OPEN,1,31,30
1,1523586917000,OPEN,1,31,30
1,1523587526000,OPEN,1,31,30
1,1523587526000,OPEN,1,31,30
1,1523588135000,OPEN,1,31,30
1,1523588135000,OPEN,1,31,30
1,1523588744000,OPEN,1,31,30
1,1523588744000,OPEN,1,31,30
1,1523589353000,OPEN,1,31,30
1,1523589353000,OPEN,1,31,30
1,1523589962000,OPEN,1,31,30
1,1523589962000,OPEN,1,31,30
1,1523590572000,OPEN,1,31,30
1,1523590572000,OPEN,1,31,30
1,1523591181000,OPEN,1,31,30
1,1523591181000,OPEN,1,31,30
1,1523591790000,OPEN,1,31,30
1,1523592044000,OPEN,1,31,30
1,1523592044000,OPEN,1,31,30
1,1523592759000,OPEN,2,31,29
1,1523592759000,OPEN,2,31,29
1,1523593368000,OPEN,3,31,28
1,1523593368000,OPEN,3,31,28
1,1523593976000,OPEN,3,31,28
1,1523594238000,OPEN,4,31,27
1,1523594238000,OPEN,4,31,27
1,1523594846000,OPEN,4,31,27
1,1523595253000,OPEN,5,31,26
1,1523595253000,OPEN,5,31,26
1,1523595862000,OPEN,5,31,26
1,1523595862000,OPEN,5,31,26
1,1523596470000,OPEN,5,31,26
1,1523596470000,OPEN,5,31,26
1,1523596470000,OPEN,5,31,26
1,1523597308000,OPEN,6,31,25
1,1523597308000,OPEN,6,31,25
1,1523597696000,OPEN,7,31,24
1,1523598111000,OPEN,8,31,23
1,1523598111000,OPEN,8,31,23
1,1523598851000,OPEN,11,31,20
1,1523599137000,OPEN,13,31,18
1,1523599225000,OPEN,14,31,17
1,1523599225000,OPEN,14,31,17
1,1523599860000,OPEN,14,31,17
1,1523600213000,OPEN,15,31,16
1,1523600213000,OPEN,15,31,16
1,1523600950000,OPEN,15,31,16
1,1523601271000,OPEN,15,31,16
1,1523601530000,OPEN,9,31,22
1,1523601830000,OPEN,10,31,21
1,1523602177000,OPEN,10,31,21
1,1523602402000,OPEN,10,31,21
1,1523602478000,OPEN,10,31,21
1,1523602955000,OPEN,11,31,20
1,1523603373000,OPEN,13,31,18
1,1523603576000,OPEN,14,31,17
1,1523603576000,OPEN,14,31,17
1,1523604231000,OPEN,16,31,15
1,1523604555000,OPEN,19,31,12
1,1523604878000,OPEN,21,31,10
1,1523605102000,OPEN,23,31,8
1,1523605467000,OPEN,24,31,7
1,1523605771000,OPEN,24,31,7
1,1523605925000,OPEN,24,31,7
1,1523606285000,OPEN,25,31,6
1,1523606673000,OPEN,26,31,5
1,1523606975000,OPEN,26,31,5
1,1523607275000,OPEN,28,31,3
1,1523607499000,OPEN,29,31,2
1,1523607798000,OPEN,29,31,2
1,1523608164000,OPEN,29,31,2
1,1523608164000,OPEN,29,31,2
1,1523608601000,OPEN,30,31,1
1,1523609072000,OPEN,29,31,2
1,1523609344000,OPEN,28,31,3
1,1523609515000,OPEN,29,31,2
1,1523609905000,OPEN,31,31,0
1,1523609905000,OPEN,31,31,0
1,1523610515000,OPEN,31,31,0
1,1523610515000,OPEN,31,31,0
1,1523611002000,OPEN,30,31,1
1,1523611002000,OPEN,30,31,1
1,1523611565000,OPEN,31,31,0
1,1523611565000,OPEN,31,31,0
1,1523612174000,OPEN,31,31,0
1,1523612637000,OPEN,31,31,0
1,1523612947000,OPEN,31,31,0
1,1523612984000,OPEN,30,31,1
1,1523612984000,OPEN,30,31,1
1,1523613593000,OPEN,30,31,1
1,1523613891000,OPEN,31,31,0
1,1523614266000,OPEN,30,31,1
1,1523614266000,OPEN,30,31,1
1,1523614820000,OPEN,30,31,1
1,1523614820000,OPEN,30,31,1
1,1523615412000,OPEN,31,31,0
1,1523615412000,OPEN,31,31,0
1,1523616020000,OPEN,31,31,0
1,1523616020000,OPEN,31,31,0
1,1523616630000,OPEN,31,31,0
1,1523616630000,OPEN,31,31,0
1,1523617239000,OPEN,31,31,0
1,1523617704000,OPEN,31,31,0
1,1523617704000,OPEN,31,31,0
1,1523618313000,OPEN,31,31,0
1,1523618313000,OPEN,31,31,0
1,1523618921000,OPEN,31,31,0
1,1523619207000,OPEN,31,31,0
1,1523619349000,OPEN,31,31,0
1,1523619349000,OPEN,31,31,0
1,1523619957000,OPEN,31,31,0
1,1523620341000,OPEN,31,31,0
1,1523620341000,OPEN,31,31,0
1,1523621045000,OPEN,31,31,0
1,1523621340000,OPEN,30,31,1
1,1523621497000,OPEN,30,31,1
1,1523621958000,OPEN,31,31,0
1,1523622218000,OPEN,31,31,0
1,1523622577000,OPEN,31,31,0
1,1523622877000,OPEN,29,31,2
1,1523623175000,OPEN,31,31,0
1,1523623466000,OPEN,29,31,2
1,1523623766000,OPEN,29,31,2
1,1523624075000,OPEN,30,31,1
1,1523624302000,OPEN,31,31,0
1,1523624653000,OPEN,31,31,0
1,1523624867000,OPEN,29,31,2
1,1523625044000,OPEN,31,31,0
1,1523625565000,OPEN,31,31,0
1,1523625733000,OPEN,30,31,1
1,1523625733000,OPEN,30,31,1
1,1523626234000,OPEN,29,31,2
1,1523626630000,OPEN,27,31,4
1,1523626630000,OPEN,27,31,4
1,1523627300000,OPEN,27,31,4
1,1523627673000,OPEN,25,31,6
1,1523627964000,OPEN,23,31,8
1,1523628151000,OPEN,11,31,20
1,1523628151000,OPEN,11,31,20
1,1523628640000,OPEN,12,31,19
1,1523628640000,OPEN,12,31,19
1,1523629408000,OPEN,13,31,18
1,1523629677000,OPEN,13,31,18
1,1523630040000,OPEN,14,31,17
1,1523630254000,OPEN,13,31,18
1,1523630612000,OPEN,13,31,18
1,1523630612000,OPEN,13,31,18
1,1523631271000,OPEN,13,31,18
1,1523631558000,OPEN,11,31,20
1,1523631664000,OPEN,10,31,21
1,1523632105000,OPEN,9,31,22
1,1523632474000,OPEN,10,31,21
1,1523632474000,OPEN,10,31,21
1,1523633044000,OPEN,10,31,21
1,1523633155000,OPEN,10,31,21
1,1523633595000,OPEN,8,31,23
1,1523633783000,OPEN,9,31,22
1,1523633783000,OPEN,9,31,22
1,1523634510000,OPEN,9,31,22
1,1523634861000,OPEN,10,31,21
1,1523635065000,OPEN,10,31,21
1,1523635410000,OPEN,9,31,22
1,1523635776000,OPEN,9,31,22
1,1523635931000,OPEN,9,31,22
1,1523636364000,OPEN,10,31,21
1,1523636488000,OPEN,13,31,18
1,1523636947000,OPEN,13,31,18
1,1523637278000,OPEN,12,31,19
1,1523637576000,OPEN,9,31,22
1,1523637860000,OPEN,8,31,23
1,1523638172000,OPEN,6,31,25
1,1523638278000,OPEN,4,31,27
1,1523638543000,OPEN,6,31,25
1,1523639075000,OPEN,12,31,19
1,1523639361000,OPEN,8,31,23
1,1523639581000,OPEN,8,31,23
1,1523639960000,OPEN,8,31,23
1,1523640094000,OPEN,6,31,25
1,1523640501000,OPEN,6,31,25
1,1523640727000,OPEN,7,31,24
1,1523641167000,OPEN,6,31,25
1,1523641186000,OPEN,6,31,25
1,1523641695000,OPEN,7,31,24
1,1523641916000,OPEN,10,31,21
1,1523642269000,OPEN,12,31,19
1,1523642669000,OPEN,13,31,18
1,1523642916000,OPEN,14,31,17
1,1523643230000,OPEN,15,31,16
1,1523643452000,OPEN,14,31,17
1,1523643452000,OPEN,14,31,17
1,1523644062000,OPEN,14,31,17
1,1523644334000,OPEN,15,31,16
1,1523644334000,OPEN,15,31,16
1,1523644962000,OPEN,13,31,18
1,1523645216000,OPEN,13,31,18
1,1523645556000,OPEN,13,31,18
1,1523645817000,OPEN,12,31,19
1,1523646260000,OPEN,13,31,18
1,1523646260000,OPEN,13,31,18
1,1523646683000,OPEN,13,31,18
1,1523647167000,OPEN,14,31,17
1,1523647167000,OPEN,14,31,17
1,1523647541000,OPEN,14,31,17
1,1523647928000,OPEN,16,31,15
1,1523648365000,OPEN,17,31,14
1,1523648435000,OPEN,16,31,15
1,1523648799000,OPEN,16,31,15
1,1523649085000,OPEN,15,31,16
1,1523649401000,OPEN,15,31,16
1,1523649669000,OPEN,16,31,15
1,1523649995000,OPEN,16,31,15
1,1523649995000,OPEN,16,31,15
1,1523650648000,OPEN,18,31,13
1,1523650648000,OPEN,18,31,13
1,1523651353000,OPEN,18,31,13
1,1523651353000,OPEN,18,31,13
1,1523651962000,OPEN,18,31,13
1,1523651962000,OPEN,18,31,13
1,1523652404000,OPEN,19,31,12
1,1523652404000,OPEN,19,31,12
1,1523653122000,OPEN,19,31,12
1,1523653122000,OPEN,19,31,12
1,1523653775000,OPEN,19,31,12
1,1523653796000,OPEN,19,31,12
1,1523653796000,OPEN,19,31,12
1,1523654406000,OPEN,18,31,13
1,1523654844000,OPEN,19,31,12
1,1523655138000,OPEN,20,31,11
1,1523655550000,OPEN,21,31,10
1,1523655583000,OPEN,21,31,10
1,1523655981000,OPEN,19,31,12
1,1523656349000,OPEN,18,31,13
1,1523656349000,OPEN,18,31,13
1,1523656960000,OPEN,17,31,14
1,1523656960000,OPEN,17,31,14
1,1523657570000,OPEN,17,31,14
1,1523657907000,OPEN,15,31,16
1,1523657907000,OPEN,15,31,16
1,1523658564000,OPEN,14,31,17
1,1523658643000,OPEN,11,31,20
1,1523658643000,OPEN,11,31,20
1,1523659252000,OPEN,11,31,20
1,1523659644000,OPEN,11,31,20
1,1523659644000,OPEN,11,31,20
1,1523660254000,OPEN,10,31,21
1,1523660254000,OPEN,10,31,21
1,1523660863000,OPEN,10,31,21
1,1523660863000,OPEN,10,31,21
1,1523661472000,OPEN,10,31,21
1,1523661472000,OPEN,10,31,21
1,1523662081000,OPEN,10,31,21
1,1523662369000,OPEN,10,31,21
1,1523662369000,OPEN,10,31,21
1,1523662978000,OPEN,10,31,21
1,1523662978000,OPEN,10,31,21
1,1523663587000,OPEN,10,31,21
1,1523663587000,OPEN,10,31,21
1,1523664196000,OPEN,10,31,21
1,1523664288000,OPEN,10,31,21
1,1523664288000,OPEN,10,31,21
1,1523664896000,OPEN,10,31,21
1,1523664896000,OPEN,10,31,21
1,1523665506000,OPEN,10,31,21
1,1523665506000,OPEN,10,31,21
1,1523666115000,OPEN,10,31,21
1,1523666115000,OPEN,10,31,21
1,1523666724000,OPEN,10,31,21
1,1523666724000,OPEN,10,31,21
1,1523667334000,OPEN,10,31,21
1,1523667334000,OPEN,10,31,21
1,1523668176000,OPEN,10,31,21
1,1523668190000,OPEN,10,31,21
1,1523668190000,OPEN,10,31,21
1,1523668799000,OPEN,10,31,21
1,1523668799000,OPEN,10,31,21
1,1523669627000,OPEN,10,31,21
1,1523669723000,OPEN,10,31,21
1,1523669723000,OPEN,10,31,21
1,1523670332000,OPEN,10,31,21
1,1523670332000,OPEN,10,31,21
1,1523670941000,OPEN,10,31,21
1,1523670941000,OPEN,10,31,21
1,1523671551000,OPEN,10,31,21
1,1523671551000,OPEN,10,31,21
1,1523672160000,OPEN,10,31,21
1,1523672160000,OPEN,10,31,21
1,1523672769000,OPEN,10,31,21
1,1523672769000,OPEN,10,31,21
1,1523673378000,OPEN,10,31,21
1,1523673378000,OPEN,10,31,21
1,1523673987000,OPEN,10,31,21
1,1523673987000,OPEN,10,31,21
1,1523674596000,OPEN,10,31,21
1,1523674596000,OPEN,10,31,21
1,1523675205000,OPEN,10,31,21
1,1523675205000,OPEN,10,31,21
1,1523675814000,OPEN,10,31,21
1,1523675814000,OPEN,10,31,21
1,1523676423000,OPEN,10,31,21
1,1523676423000,OPEN,10,31,21
1,1523677032000,OPEN,10,31,21
1,1523677032000,OPEN,10,31,21
1,1523677641000,OPEN,10,31,21
1,1523677641000,OPEN,10,31,21
1,1523678250000,OPEN,10,31,21
1,1523678443000,OPEN,10,31,21
1,1523678443000,OPEN,10,31,21
1,1523679052000,OPEN,10,31,21
1,1523679052000,OPEN,10,31,21
1,1523679661000,OPEN,10,31,21
1,1523679990000,OPEN,11,31,20
1,1523679990000,OPEN,11,31,20
1,1523680752000,OPEN,12,31,19
1,1523680752000,OPEN,12,31,19
1,1523681360000,OPEN,12,31,19
1,1523681360000,OPEN,12,31,19
1,1523681969000,OPEN,12,31,19
1,1523681969000,OPEN,12,31,19
1,1523682578000,OPEN,12,31,19
1,1523682578000,OPEN,12,31,19
1,1523683162000,OPEN,13,31,18
1,1523683162000,OPEN,13,31,18
1,1523683771000,OPEN,13,31,18
1,1523683771000,OPEN,13,31,18
1,1523683771000,OPEN,13,31,18
1,1523684402000,OPEN,14,31,17
1,1523684402000,OPEN,14,31,17
1,1523685192000,OPEN,15,31,16
1,1523685423000,OPEN,19,31,12
1,1523685423000,OPEN,19,31,12
1,1523686032000,OPEN,19,31,12
1,1523686278000,OPEN,20,31,11
1,1523686582000,OPEN,20,31,11
1,1523687027000,OPEN,21,31,10
1,1523687027000,OPEN,21,31,10
1,1523687637000,OPEN,21,31,10
1,1523687637000,OPEN,21,31,10
1,1523688128000,OPEN,21,31,10
1,1523688560000,OPEN,21,31,10
1,1523688560000,OPEN,21,31,10
1,1523689154000,OPEN,22,31,9
1,1523689154000,OPEN,22,31,9
1,1523689763000,OPEN,22,31,9
1,1523689763000,OPEN,22,31,9
1,1523690373000,OPEN,22,31,9
1,1523690373000,OPEN,22,31,9
1,1523690968000,OPEN,26,31,5
1,1523690968000,OPEN,26,31,5
1,1523691577000,OPEN,26,31,5
1,1523691666000,OPEN,27,31,4
1,1523692099000,OPEN,30,31,1
1,1523692099000,OPEN,30,31,1
1,1523692510000,OPEN,31,31,0
1,1523692510000,OPEN,31,31,0
1,1523693119000,OPEN,31,31,0
1,1523693119000,OPEN,31,31,0
1,1523693728000,OPEN,31,31,0
1,1523693728000,OPEN,31,31,0
1,1523694540000,OPEN,31,31,0
1,1523694540000,OPEN,31,31,0
1,1523695148000,OPEN,31,31,0
1,1523695148000,OPEN,31,31,0
1,1523695756000,OPEN,31,31,0
1,1523695756000,OPEN,31,31,0
1,1523696366000,OPEN,31,31,0
1,1523696366000,OPEN,31,31,0
1,1523696975000,OPEN,31,31,0
1,1523696975000,OPEN,31,31,0
1,1523696975000,OPEN,31,31,0
1,1523697584000,OPEN,31,31,0
1,1523697584000,OPEN,31,31,0
1,1523698193000,OPEN,31,31,0
1,1523698548000,OPEN,30,31,1
1,1523698869000,OPEN,30,31,1
1,1523699274000,OPEN,28,31,3
1,1523699570000,OPEN,27,31,4
1,1523699780000,OPEN,28,31,3
1,1523699780000,OPEN,28,31,3
1,1523700501000,OPEN,27,31,4
1,1523700501000,OPEN,27,31,4
1,1523700924000,OPEN,27,31,4
1,1523701306000,OPEN,27,31,4
1,1523701615000,OPEN,31,31,0
1,1523701615000,OPEN,31,31,0
1,1523702225000,OPEN,31,31,0
1,1523702225000,OPEN,31,31,0
1,1523702834000,OPEN,31,31,0
1,1523703202000,OPEN,31,31,0
1,1523703500000,OPEN,31,31,0
1,1523703500000,OPEN,31,31,0
1,1523704036000,OPEN,31,31,0
1,1523704279000,OPEN,31,31,0
1,1523704279000,OPEN,31,31,0
1,1523704889000,OPEN,31,31,0
1,1523705194000,OPEN,31,31,0
1,1523705660000,OPEN,31,31,0
1,1523705806000,OPEN,31,31,0
1,1523705806000,OPEN,31,31,0
1,1523706414000,OPEN,31,31,0
1,1523706769000,OPEN,31,31,0
1,1523707147000,OPEN,31,31,0
1,1523707147000,OPEN,31,31,0
1,1523707726000,OPEN,30,31,1
1,1523707873000,OPEN,30,31,1
1,1523708114000,OPEN,31,31,0
1,1523708467000,OPEN,30,31,1
1,1523708977000,OPEN,30,31,1
1,1523709128000,OPEN,28,31,3
1,1523709128000,OPEN,28,31,3
1,1523709833000,OPEN,29,31,2
1,1523710031000,OPEN,30,31,1
1,1523710031000,OPEN,30,31,1
1,1523710542000,OPEN,31,31,0
1,1523711046000,OPEN,31,31,0
1,1523711198000,OPEN,31,31,0
1,1523711198000,OPEN,31,31,0
1,1523711807000,OPEN,31,31,0
1,1523712147000,OPEN,30,31,1
1,1523712147000,OPEN,30,31,1
1,1523712799000,OPEN,20,31,11
1,1523713058000,OPEN,19,31,12
1,1523713192000,OPEN,19,31,12
1,1523713556000,OPEN,20,31,11
1,1523714048000,OPEN,21,31,10
1,1523714200000,OPEN,31,31,0
1,1523714609000,OPEN,30,31,1
1,1523714974000,OPEN,30,31,1
1,1523715197000,OPEN,30,31,1
1,1523715519000,OPEN,31,31,0
1,1523715843000,OPEN,31,31,0
1,1523716022000,OPEN,31,31,0
1,1523716301000,OPEN,31,31,0
1,1523716301000,OPEN,31,31,0
1,1523716910000,OPEN,31,31,0
1,1523717287000,OPEN,31,31,0
1,1523717451000,OPEN,30,31,1
1,1523717901000,OPEN,30,31,1
1,1523718217000,OPEN,29,31,2
1,1523718217000,OPEN,29,31,2
1,1523718707000,OPEN,28,31,3
1,1523719138000,OPEN,27,31,4
1,1523719138000,OPEN,27,31,4
1,1523719764000,OPEN,27,31,4
1,1523719911000,OPEN,28,31,3
1,1523720188000,OPEN,27,31,4
1,1523720188000,OPEN,27,31,4
1,1523720797000,OPEN,26,31,5
1,1523721176000,OPEN,23,31,8
